"ANO";"NIVEL";"CODMUNRES";"TN";"TNRC";"TNRCR";"TGI_15";"TGI_15_19";"TGI_20_24";"TGI_25_29";"TGI_30_34";"TGI_35_39";"TGI_40_44";"TGI_45_49";"TGI_50";"TGIF";"IM_P25";"IM_P50";"IM_P75";"IM_MD";"IM_DP";"EM_S";"EM_FI";"EM_FII";"EM_M";"EM_SI";"EM_SC";"TGRC_B";"TGRC_PT";"TGRC_A";"TGRC_PD";"TGRC_I";"TGSC";"TGCC";"TGPRI";"TGNPRI";"TGU";"TGG";"TGD_22";"TGD_22_27";"TGD_28_31";"TGD_32_36";"TGD_37_41";"TGD_42";"TGD_PRT";"TGD_AT";"TGD_PST";"DG_P25";"DG_P50";"DG_P75";"DG_MD";"DG_DP";"TKC_NR";"TKC_ID";"TKC_IT";"TKC_AD";"TKC_MAD";"TGPRG_S";"TGPRG_N";"TPV";"TPC";"TRAP_C";"TRAP_P";"TRAP_T";"TGROB_1";"TGROB_2";"TGROB_3";"TGROB_4";"TGROB_5";"TGROB_6";"TGROB_7";"TGROB_8";"TGROB_9";"TGROB_10";"TNLOC_H";"TNLOC_ES";"TNLOC_D";"TNLOC_O";"TNLOC_AI";"TRS_M";"TRS_F";"TRRC_B";"TRRC_PT";"TRRC_A";"TRRC_PD";"TRRC_I";"TRP_BP";"TRP_N";"TRP_M";"PESO_P25";"PESO_P50";"PESO_P75";"PESO_MD";"PESO_DP";"TRPIG_P";"TRPIG_A";"TRPIG_G";"TRAPG5_B";"TRAPG5_N";"APG5_MD";"APG5_DP";"TRAC";"TRSAC"
2016;"MUNICIPIO";"350000";16;0;6;0;0;1;3;1;5;0;0;6;10;31,25;36,5;99;57,3125;33,5672831787144;0;1;2;3;0;3;6;1;0;2;0;4;5;6;10;11;0;1;0;0;1;11;0;2;11;0;38;39;39;37;5,55277708298589;5;1;0;0;4;16;0;7;5;10;0;0;0;0;3;1;3;0;0;0;0;2;11;0;0;2;0;8;8;6;1;0;2;0;4;12;0;2555;3092,5;3472,5;2872,5;951,150180921324;2;7;0;1;13;21,7857142857143;32,7958218995337;0;16
2016;"MUNICIPIO";"350010";370;0;349;3;41;64;101;104;52;5;0;0;367;24;28;33;27,9162162162162;6,21136354874642;0;2;83;174;13;98;268;1;2;88;1;49;319;166;204;359;11;0;1;5;42;302;20;48;302;20;38;38;40;38,3216216216216;2,24919559666374;2;29;5;8;319;32;338;58;312;355;15;0;32;97;17;30;135;8;4;11;0;36;369;0;0;1;0;198;172;268;1;2;88;1;22;329;19;2885;3250;3580;3227,75135135135;537,624689323309;15;289;45;2;368;9,03243243243243;0,628179308310717;7;358
2016;"MUNICIPIO";"350020";45;0;42;0;6;11;9;10;7;2;0;0;45;22;29;33;28;7,1541469220179;0;0;6;27;4;8;29;2;0;13;0;13;32;19;26;43;2;0;0;0;10;34;0;10;34;0;37;38;39;37,6136363636364;1,43406900503605;0;0;4;1;39;45;0;8;37;42;3;0;6;9;2;2;11;0;3;2;0;9;45;0;0;0;0;25;20;29;2;0;13;0;3;41;1;2930;3135;3505;3182,82222222222;494,844938471955;1;38;3;1;44;9,68888888888889;1,08339160682432;0;45
2016;"MUNICIPIO";"350030";390;0;368;1;52;98;115;73;42;9;0;0;389;22;27;31;26,6512820512821;6,23213629293463;5;30;137;167;15;36;294;40;0;56;0;205;185;134;256;383;7;1;3;3;42;326;15;49;326;15;38;39;40;38,3820512820513;2,48184894536206;2;69;4;11;286;386;4;123;267;370;18;1;51;63;50;54;109;7;10;7;1;37;385;2;0;3;0;194;196;294;40;0;56;0;30;344;16;2901,25;3200;3461,25;3158,14615384615;555,384960331613;27;319;32;4;383;9,90439276485788;4,62126828370733;4;384
2016;"MUNICIPIO";"350040";85;0;77;1;5;24;17;20;15;2;1;0;84;23;28;34;28,2588235294118;6,6532357705471;1;3;13;40;7;18;74;2;0;4;0;32;52;40;45;78;7;0;0;2;9;70;3;11;70;3;37;39;39;38,1547619047619;2,2306412045848;0;16;3;4;57;85;0;17;68;79;5;0;15;14;7;8;17;2;3;7;0;10;85;0;0;0;0;39;46;74;2;0;4;0;13;69;3;2815;3095;3485;3066,32941176471;654,901562727365;7;64;5;0;84;9,69047619047619;0,580323766638134;1;84
2016;"MUNICIPIO";"350050";217;0;204;3;20;59;58;36;35;6;0;0;214;23;27;32;27,594470046083;6,68411375467542;0;6;50;122;8;25;176;7;0;27;0;85;126;87;130;213;4;0;1;2;23;180;9;26;180;9;38;39;40;38,4558139534884;2,18675946884214;1;46;10;9;140;43;174;92;125;205;4;1;36;32;41;11;63;2;2;4;1;22;217;0;0;0;0;120;97;176;7;0;27;0;18;188;11;2994;3220;3485;3190,90783410138;516,003616466843;16;169;24;3;208;9,74881516587678;0,919853000138685;3;214
2016;"MUNICIPIO";"350055";86;0;73;1;12;21;15;22;11;4;0;0;85;21;27;32;27,093023255814;7,12679765883956;0;2;14;46;4;18;67;1;0;13;0;20;65;28;58;84;2;0;1;0;9;67;4;10;67;4;38;38;39;38,2469135802469;2,35865885726153;1;16;5;4;55;86;0;25;60;78;6;1;14;7;9;8;27;1;4;2;1;7;86;0;0;0;0;38;48;67;1;0;13;0;9;76;1;2816,25;3100;3380;3052,38372093023;511,415410028117;7;68;3;0;86;9,55813953488372;0,605944108523137;1;82
2016;"MUNICIPIO";"350060";29;0;29;0;1;4;13;4;6;1;0;0;29;25;27;34;29,2758620689655;6,18117274889839;0;0;0;15;2;12;24;1;0;4;0;14;15;15;14;27;2;0;0;0;2;27;0;2;27;0;38;39;39;38,3103448275862;1,71346449952516;0;4;0;2;23;29;0;8;21;28;1;0;4;11;0;3;7;0;0;2;0;2;29;0;0;0;0;15;14;24;1;0;4;0;2;27;0;2865;3195;3530;3159,48275862069;526,137110096493;0;26;1;0;29;9,75862068965517;0,576638808328867;2;27
2016;"MUNICIPIO";"350070";512;0;340;3;76;144;118;107;57;7;0;0;509;21;25;31;26,314453125;6,35794232595009;0;14;92;309;22;65;267;11;1;71;0;196;310;210;302;503;9;2;1;8;40;443;16;51;443;16;38;39;40;38,4843137254902;2,40226420283119;1;104;21;27;352;212;300;158;354;483;22;1;82;98;49;57;150;7;12;9;1;39;511;0;1;0;0;286;226;267;11;1;71;0;38;448;26;2950;3255;3540;3208,244140625;544,450139110408;28;402;61;3;506;9,45972495088409;0,832915807928209;4;508
2016;"MUNICIPIO";"350075";80;0;77;0;4;32;22;14;7;1;0;0;80;22;26;30;26,325;5,78469171415799;0;4;20;50;1;5;54;0;0;25;1;24;56;28;52;74;6;0;1;0;8;71;0;9;71;0;38;39;39;38,25;2,0407246169009;0;7;2;4;64;80;0;32;48;73;6;1;8;16;4;15;20;0;5;6;1;5;80;0;0;0;0;45;35;54;0;0;25;1;7;71;2;2937,5;3217,5;3521,25;3183,6875;545,406446832851;3;65;6;4;76;9,125;1,15149874819238;1;79
2016;"MUNICIPIO";"350080";42;0;35;0;10;11;10;6;4;1;0;0;42;20,5;24,5;29,75;25,3095238095238;6,44105768938269;0;2;6;26;3;4;22;1;0;18;0;9;33;26;16;42;0;0;1;0;9;32;0;10;32;0;37;38;39;37,2619047619048;2,46001709105231;0;4;4;3;26;42;0;13;29;41;0;1;11;11;0;1;8;0;0;0;1;10;42;0;0;0;0;21;21;22;1;0;18;0;5;36;1;2711,25;2982,5;3273,75;2937,35714285714;599,795242355767;2;37;3;3;39;9,09523809523809;1,91029973142416;2;40
2016;"MUNICIPIO";"350090";53;0;51;0;12;16;12;8;4;1;0;0;53;20;24;29;25,3584905660377;6,71993114554538;0;2;11;37;0;3;30;4;0;19;0;8;45;21;32;51;2;0;0;2;6;45;0;8;45;0;37;38;39;37,811320754717;2,2875633978065;0;2;2;3;44;53;0;11;42;50;3;0;5;10;3;7;17;2;0;2;0;7;53;0;0;0;0;26;27;30;4;0;19;0;8;44;1;2780;3060;3375;2973,2641509434;588,183486250526;2;47;2;1;52;9,58490566037736;0,886522208150629;0;53
2016;"MUNICIPIO";"350100";180;0;144;0;23;39;50;33;29;5;1;0;180;22;27;33;27,5222222222222;6,83358086484494;0;6;49;97;2;25;135;7;0;33;0;62;118;72;108;175;5;0;0;4;14;160;2;18;160;2;38;39;40;38,3888888888889;2,25073268986271;0;26;6;5;114;167;13;75;105;168;11;0;27;32;31;15;47;4;4;5;0;14;179;0;1;0;0;97;83;135;7;0;33;0;16;154;10;2891,25;3205;3488,75;3148,80555555556;598,614667911967;13;142;19;4;175;10,0111731843575;6,76074993082439;1;178
2016;"MUNICIPIO";"350110";38;0;37;1;7;9;6;9;5;1;0;0;37;20;25,5;32,75;26,4473684210526;7,06608714085943;0;2;5;26;2;3;27;1;0;10;0;15;23;16;22;38;0;0;0;0;7;31;0;7;31;0;37;38;39;37,7105263157895;1,59234477349195;0;4;0;2;31;29;9;7;31;36;1;1;3;10;0;3;13;0;1;0;1;7;38;0;0;0;0;19;19;27;1;0;10;0;3;34;1;2992,5;3252,5;3586,25;3229,78947368421;482,604205685841;1;30;7;0;38;9,18421052631579;0,651620149585371;1;37
2016;"MUNICIPIO";"350115";266;0;251;2;35;71;63;57;29;8;0;1;263;21;27;32;26,9022556390977;6,8612828567304;0;5;49;160;13;39;174;18;0;73;0;88;176;113;153;260;6;0;1;4;19;238;4;24;238;4;38;39;40;38,3233082706767;2,14405319625801;0;52;13;19;170;264;2;87;179;253;13;0;41;52;39;24;71;5;7;6;0;21;264;2;0;0;0;145;121;174;18;0;73;0;23;234;9;2880;3125;3425;3127,51503759398;509,147376224619;18;223;19;1;265;9,50375939849624;0,778232735721822;0;266
2016;"MUNICIPIO";"350120";37;0;35;1;5;5;14;6;5;1;0;0;36;24;27;32;27,0810810810811;6,41343372399935;0;0;4;26;0;7;26;0;0;11;0;16;21;15;22;37;0;0;0;0;3;33;1;3;33;1;38;38;39;38,3513513513514;1,51320513803971;0;6;0;2;27;37;0;3;34;37;0;0;8;5;2;3;16;0;0;0;0;3;37;0;0;0;0;18;19;26;0;0;11;0;2;33;2;2960;3220;3680;3286,08108108108;498,595437113006;1;29;7;0;37;9,43243243243243;0,688821075805956;0;37
2016;"MUNICIPIO";"350130";339;0;291;1;45;83;99;75;29;7;0;0;338;22;26;31;26,5840707964602;6,07311321231933;0;7;55;212;11;53;207;10;1;117;1;86;252;140;199;336;3;0;0;3;55;276;5;58;276;5;37;38;39;38,1769911504425;1,95767381808818;1;47;15;24;213;338;1;83;255;327;11;1;53;68;33;26;92;5;6;3;1;52;339;0;0;0;0;163;176;207;10;1;117;1;31;296;12;2860;3120;3410;3119,73156342183;510,040439782789;21;290;24;4;334;9,61538461538461;0,84740833734848;6;331
2016;"MUNICIPIO";"350140";46;0;45;0;9;6;11;17;3;0;0;0;46;22,25;28;32;27,0434782608696;6,4012378030056;0;4;10;29;2;1;21;2;0;23;0;29;17;12;34;46;0;0;0;0;3;43;0;3;43;0;38;38;39;38,5869565217391;1,18464409951347;1;8;2;3;32;46;0;20;26;43;3;0;6;5;17;4;8;1;2;0;0;3;45;1;0;0;0;23;23;21;2;0;23;0;4;39;3;3026,25;3195;3532,5;3221,5;501,416692980998;5;36;5;1;45;8,89130434782609;0,766761178799507;1;44
2016;"MUNICIPIO";"350150";42;0;39;1;8;10;7;11;4;1;0;0;41;21;25,5;31,75;26,3571428571429;6,831853044956;0;1;7;23;1;10;26;2;0;14;0;11;31;14;28;42;0;0;0;0;5;35;2;5;35;2;37,25;38;39;38,2619047619048;1,88782393517528;0;12;2;3;22;42;0;19;23;41;0;0;3;10;2;8;13;0;0;0;0;5;41;0;0;1;0;18;24;26;2;0;14;0;6;35;1;2820;3079,5;3509;3070,52380952381;618,316804034135;6;32;4;0;41;9,09756097560976;0,735012858689577;0;42
2016;"MUNICIPIO";"350160";2495;0;2453;2;181;508;658;665;406;69;6;0;2493;24;29;33;28,6356713426854;6,19367402558812;0;34;319;1348;146;646;1881;69;2;534;0;780;1711;1121;1374;2424;70;0;11;29;250;2117;85;290;2117;85;38;39;40;38,5461476725522;2,21321285174297;6;353;142;139;1838;170;2325;728;1767;2379;112;2;376;565;245;196;725;51;45;69;2;216;2488;1;6;0;0;1262;1233;1881;69;2;534;0;195;2140;160;2930;3250;3575;3224,35871743487;556,140047997198;138;1939;306;20;2472;9,51284109149278;3,19452242733847;18;2474
2016;"MUNICIPIO";"350170";463;0;398;0;57;128;117;102;51;7;1;0;463;22;26;32;26,8617710583153;6,28492895118936;1;4;70;300;8;37;213;24;0;172;0;85;334;209;254;456;7;0;2;4;40;409;8;46;409;8;38;39;40;38,5032397408207;2,05642543877892;0;49;23;21;318;463;0;165;298;406;11;0;38;105;24;41;155;2;8;7;0;37;462;1;0;0;0;225;238;213;24;0;172;0;40;410;13;2887,5;3150;3430;3131,88120950324;522,892828503794;38;380;37;5;415;9,69523809523809;0,716312614569304;4;458
2016;"MUNICIPIO";"350180";39;0;39;0;4;9;14;5;6;1;0;0;39;23;27;32;27,2564102564103;6,37312593183674;0;0;5;28;0;6;28;0;0;11;0;17;22;14;25;39;0;0;0;1;1;36;1;2;36;1;38;38;39;38,2307692307692;1,84193174428568;0;4;0;3;32;39;0;4;35;39;0;0;2;11;4;3;17;0;0;0;0;2;39;0;0;0;0;12;27;28;0;0;11;0;4;32;3;2992,5;3155;3487,5;3178,41025641026;497,955700732543;2;33;4;0;39;9,82051282051282;0,555915313116688;0;39
2016;"MUNICIPIO";"350190";815;0;791;4;111;191;192;176;120;20;1;0;811;22;27;33;27,358282208589;6,69366395143255;0;14;188;451;28;131;643;25;0;145;0;451;360;345;470;802;13;0;5;3;74;722;10;82;722;10;38;39;39;38,3955773955774;1,99464969430265;1;98;25;24;654;93;722;161;654;807;7;1;242;62;104;41;277;3;2;13;1;69;812;0;3;0;0;420;395;643;25;0;145;0;65;712;38;2898;3202;3524,5;3185,41472392638;546,957586791281;57;658;85;6;808;9,73095823095823;0,669195559534123;5;805
2016;"MUNICIPIO";"350200";55;0;52;1;9;11;12;15;5;2;0;0;54;21;27;32,5;27,0909090909091;6,87527165058663;0;3;25;14;2;11;37;6;0;12;0;35;20;18;37;53;2;0;1;0;5;49;0;6;49;0;38;38;39;38,0727272727273;2,34800581624733;0;18;4;2;30;55;0;21;34;47;6;0;6;9;7;8;15;2;4;2;0;2;53;1;0;1;0;30;25;37;6;0;12;0;10;44;1;2742,5;3090;3482,5;3008,45454545455;668,847040537942;7;43;3;2;53;9,2;1,33887736279041;2;53
2016;"MUNICIPIO";"350210";690;0;39;5;105;149;176;174;65;16;0;0;685;21;27;31;26,8507246376812;6,39117050563104;0;13;116;395;34;132;450;11;1;222;0;401;286;286;404;673;17;0;1;6;60;620;2;67;620;2;38;39;39;38,3033381712627;1,63873990968019;0;17;54;52;469;39;651;101;589;681;7;1;226;28;89;2;260;3;4;17;1;58;688;1;1;0;0;363;326;450;11;1;222;0;52;601;37;2945;3222,5;3523,75;3203,39420289855;517,752120248191;30;579;62;5;683;9,63372093023256;0,701109200649394;3;37
2016;"MUNICIPIO";"350220";349;0;338;1;62;88;90;65;36;7;0;0;348;21;26;31;26,3438395415473;6,4292657146327;0;17;118;168;11;35;305;6;0;37;0;83;266;132;217;341;8;0;1;3;26;318;1;30;318;1;38;39;39;38,2779369627507;1,85078432784557;1;34;12;20;272;109;240;86;263;341;7;1;57;57;48;28;119;3;3;7;1;26;348;0;0;1;0;195;154;305;6;0;37;0;21;307;21;2945;3205;3540;3207,35816618911;527,32884740205;22;275;44;1;348;9,59598853868195;0,629801975706565;5;344
2016;"MUNICIPIO";"350230";82;0;81;1;18;19;17;16;8;3;0;0;81;20;26;31;25,9146341463415;7,20630934035884;0;3;31;43;1;4;55;3;0;24;0;10;72;21;61;80;2;0;0;1;6;66;9;7;66;9;38;39;40;39,0487804878049;2,18808467473544;0;8;4;5;65;80;2;62;20;78;4;0;13;3;30;9;16;2;2;2;0;5;77;3;1;1;0;46;36;55;3;0;24;0;7;70;5;2967,5;3292,5;3596,25;3227,10975609756;569,188983480873;5;66;7;2;79;11,7037037037037;13,9977180679963;1;80
2016;"MUNICIPIO";"350240";60;0;45;0;10;10;18;8;13;1;0;0;60;22,75;28;33;27,6;6,76030287156236;0;7;6;30;2;14;43;0;1;16;0;20;40;14;46;60;0;0;0;0;10;50;0;10;50;0;37;38,5;39;37,9166666666667;2,10963621787061;0;6;3;0;38;60;0;21;39;57;3;0;5;7;10;6;20;1;2;0;0;9;60;0;0;0;0;33;27;43;0;1;16;0;6;52;2;2810;3084;3546,25;3121,05;560,745491227708;4;48;8;2;58;9,43333333333333;1,48856279983061;0;59
2016;"MUNICIPIO";"350250";505;0;476;4;60;123;152;108;46;11;1;0;501;22;26;31;26,8455445544554;6,14667810582287;0;5;99;297;33;71;350;20;0;121;1;310;189;198;307;496;9;1;0;3;33;450;15;37;450;15;38;39;40;38,7290836653386;1,93978998517853;4;78;18;25;375;182;323;109;396;489;15;1;75;101;43;36;191;8;7;9;1;31;505;0;0;0;0;271;234;350;20;0;121;1;30;451;24;2930;3190;3470;3195,99207920792;507,841112135707;26;425;39;7;496;9,25248508946322;0,898132628514704;7;496
2016;"MUNICIPIO";"350260";47;0;37;0;5;10;12;9;9;2;0;0;47;22,5;28;33;28;6,60039524508225;0;2;10;27;1;7;36;0;0;11;0;12;32;20;27;47;0;0;0;0;7;40;0;7;40;0;38;39;39;38,4255319148936;1,63846005180187;0;6;1;0;33;45;2;5;42;47;0;0;4;13;3;5;15;0;0;0;0;7;47;0;0;0;0;26;21;36;0;0;11;0;3;40;4;3060;3250;3592,5;3280,53191489362;552,428663545913;3;37;7;0;47;9,74468085106383;0,569823966196082;0;47
2016;"MUNICIPIO";"350270";342;0;334;2;57;95;81;60;37;9;1;0;340;21;25;31;26,187134502924;6,65311943500641;4;29;82;184;11;32;161;6;0;173;0;51;291;132;210;332;10;0;7;2;32;284;16;41;284;16;38;39;40;38,466275659824;2,6473417133641;2;56;13;11;257;52;290;150;192;326;15;1;50;57;66;46;67;2;9;10;1;33;339;0;3;0;0;171;171;161;6;0;173;0;30;304;8;2900;3185;3520;3122,61988304094;637,04708385816;26;269;26;10;330;9,51176470588235;1,08482825085536;7;335
2016;"MUNICIPIO";"350275";303;0;270;0;57;82;67;59;26;11;1;0;303;20;26;31;26,1551155115512;6,86523769767321;0;15;90;160;9;25;154;16;0;122;0;133;167;122;181;296;7;0;0;4;28;263;8;32;263;8;38;39;40;38,5511551155115;2,073929226402;0;38;10;10;232;296;7;134;169;284;19;0;32;65;35;40;80;9;8;7;0;27;294;7;1;1;0;151;152;154;16;0;122;0;31;260;12;2860;3150;3460;3124,06270627063;526,55278978063;23;251;17;3;298;9,45182724252492;0,939062466890269;0;301
2016;"MUNICIPIO";"350280";2241;0;2164;9;276;512;585;508;282;68;1;0;2232;22;27;32;27,4020526550647;6,45100873056835;1;25;315;1271;107;512;1339;73;18;765;0;772;1460;956;1285;2183;58;1;17;35;274;1864;49;327;1864;49;37;38;39;38,0553571428571;2,36347974306628;19;346;125;113;1625;189;2052;359;1882;2155;78;8;254;518;201;174;685;41;32;58;8;269;2233;2;5;1;0;1143;1098;1339;73;18;765;0;226;1909;106;2866;3170;3478;3137,26104417671;572,555317933013;119;1837;203;16;2224;9,48526785714286;0,80627115488883;18;2218
2016;"MUNICIPIO";"350290";442;0;403;1;73;92;117;89;52;18;0;0;441;21;27;32;26,9638009049774;6,77721620160258;0;13;69;254;23;80;338;15;1;72;0;135;302;180;262;433;8;0;3;3;38;392;3;44;392;3;38;39;39;38,2915717539863;1,9646875821969;2;52;15;22;329;436;6;182;259;417;20;1;68;86;58;57;115;10;4;7;1;31;437;2;3;0;0;234;208;338;15;1;72;0;39;378;25;2891,25;3200;3520;3204,3257918552;641,223973248364;24;360;47;4;436;9,36136363636364;0,828786172029929;8;432
2016;"MUNICIPIO";"350300";58;0;54;0;10;14;13;18;2;1;0;0;58;21,25;27;31,75;26,1551724137931;6,03731590221063;0;2;13;37;0;6;33;3;0;20;0;11;47;21;37;58;0;0;0;0;2;56;0;2;56;0;38;38;39;38,2586206896552;0,983376653715757;0;5;0;2;49;58;0;9;49;57;1;0;2;18;3;6;26;1;0;0;0;2;58;0;0;0;0;26;32;33;3;0;20;0;3;53;2;2996,25;3225;3430,5;3225,41379310345;450,778976240516;2;49;7;1;57;9,58620689655172;0,773111343485068;0;58
2016;"MUNICIPIO";"350310";72;0;69;0;10;21;18;16;6;1;0;0;72;21;25,5;30,25;26,1527777777778;6,04131251997496;0;7;19;39;3;4;50;4;0;18;0;14;58;24;48;68;3;0;0;2;6;63;1;8;63;1;38;39;40;38,5;2,1883172517636;0;20;3;8;40;72;0;33;39;69;2;0;12;9;18;8;14;1;1;3;0;4;72;0;0;0;0;41;31;50;4;0;18;0;10;59;3;2795;3155;3525;3075,625;651,78138211399;8;56;4;0;72;9,15277777777778;0,433125627360795;0;72
2016;"MUNICIPIO";"350315";16;0;16;0;4;0;7;5;0;0;0;0;16;23,5;28,5;31;26,75;5,5075705472861;0;0;3;10;1;2;12;0;0;4;0;7;9;5;11;16;0;0;0;0;4;11;1;4;11;1;36,75;38,5;39;37,6875;2,27211355350035;0;3;1;1;11;15;1;3;13;15;1;0;2;1;3;1;4;1;0;0;0;4;15;0;0;1;0;8;8;12;0;0;4;0;2;14;0;3072,5;3362,5;3455;3192,5625;468,207641792969;1;12;3;1;15;14,5;22,6156288143104;0;16
2016;"MUNICIPIO";"350320";2743;0;2420;15;272;546;729;710;402;67;2;0;2728;23;28;33;28,0823915421072;6,38074063297832;1;33;400;1462;125;515;1536;207;3;734;1;470;2061;1240;1503;2682;61;0;9;28;262;2377;61;299;2377;61;38;39;40;38,3971501644136;2,08633974052541;14;291;115;102;1975;262;2481;927;1816;2399;113;8;200;669;209;298;774;51;44;58;8;208;2735;1;6;1;0;1360;1382;1536;207;3;734;1;234;2406;103;2875;3170;3470;3142,7841779074;535,135212752387;195;2255;213;20;2510;9,68181818181818;0,765214374727562;23;2717
2016;"MUNICIPIO";"350330";1517;0;1498;10;159;360;412;358;176;36;5;1;1506;22;27;32;27,4060646011866;6,37348275729725;0;34;273;847;64;299;1078;80;1;355;1;408;1108;631;886;1476;41;0;5;18;157;1300;37;180;1300;37;38;39;39;38,318391562294;2,12057655005079;8;308;45;43;1101;26;1491;496;1021;1447;69;1;158;373;125;166;442;23;35;41;1;153;1512;2;2;1;0;819;697;1078;80;1;355;1;124;1312;81;2900;3210;3505;3185,27224785761;537,668103774421;97;1217;158;17;1500;9,59129861568886;0,880979434307195;19;1495
2016;"MUNICIPIO";"350335";21;0;21;0;1;5;7;7;1;0;0;0;21;24;28;31;27,4285714285714;5,43664812703037;0;0;3;11;2;5;10;1;0;8;2;12;9;9;12;21;0;0;0;0;2;19;0;2;19;0;38;39;39;38,3809523809524;1,2440333788203;0;0;0;2;19;21;0;10;11;21;0;0;4;5;0;6;4;0;0;0;0;2;21;0;0;0;0;11;10;10;1;0;8;2;0;21;0;3080;3230;3360;3242,14285714286;258,150011759497;0;20;1;0;21;9,85714285714286;0,358568582800318;0;21
2016;"MUNICIPIO";"350340";95;0;91;1;14;22;29;20;8;1;0;0;94;21,5;26;30;25,9684210526316;6,02910076139398;1;1;25;44;2;18;73;1;0;18;0;53;39;43;52;91;4;0;1;0;10;80;2;11;80;2;38;39;40;38,4516129032258;2,18451133244276;0;14;3;2;73;94;1;43;52;89;3;0;7;26;7;16;21;2;0;4;0;8;95;0;0;0;0;46;49;73;1;0;18;0;7;82;6;2835;3275;3565;3180,73684210526;537,491201521779;6;76;7;1;91;9,72826086956522;0,771800533212674;0;95
2016;"MUNICIPIO";"350350";43;0;43;0;6;13;8;10;5;1;0;0;43;21;27;32,5;26,9767441860465;6,73473007234045;0;2;8;31;1;1;32;0;0;11;0;21;22;12;31;39;4;0;0;0;8;35;0;8;35;0;37;38;39;37,8837209302326;1,8543295839683;0;5;5;8;25;43;0;12;31;41;2;0;3;3;6;9;8;2;0;4;0;8;43;0;0;0;0;19;24;32;0;0;11;0;7;29;7;2750;3140;3510;3213,32558139535;765,41926640086;3;28;8;2;41;8,90697674418605;1,44443024668605;1;42
2016;"MUNICIPIO";"350360";129;0;125;2;30;29;33;24;10;1;0;0;127;20;25;30;25,2790697674419;6,47347562194429;1;3;30;84;1;8;84;6;0;37;0;31;95;52;77;127;2;0;0;2;12;112;3;14;112;3;38;39;40;38,5116279069767;2,00824970072576;0;27;10;7;82;129;0;58;71;121;6;0;16;25;11;20;35;3;3;2;0;12;129;0;0;0;0;71;58;84;6;0;37;0;7;117;5;3010;3216;3560;3251,24031007752;471,028525131338;4;106;17;0;127;9,71653543307087;0,5476883280543;2;127
2016;"MUNICIPIO";"350370";80;0;74;0;13;26;19;13;9;0;0;0;80;21;25;30;25,5;5,94915162550856;0;3;15;49;0;11;60;4;0;14;0;15;65;31;49;80;0;0;0;0;6;74;0;6;74;0;38;39;39;38,35;1,23349867747873;0;10;4;0;64;80;0;10;70;78;2;0;6;22;4;7;33;1;1;0;0;6;79;0;0;1;0;42;38;60;4;0;14;0;3;76;1;2950;3181,5;3500;3191;421,513367507297;2;73;5;1;79;9,6;1,08616151443652;1;78
2016;"MUNICIPIO";"350380";664;0;588;7;104;172;160;147;63;11;0;0;657;21;26;31;26,2349397590361;6,3606242279762;0;9;172;384;28;62;445;34;3;159;0;154;492;278;386;650;14;0;3;8;76;546;31;87;546;31;38;38;40;38,3117469879518;2,34004691573999;0;115;30;41;431;239;425;211;453;638;17;3;174;53;151;26;149;7;8;12;3;75;664;0;0;0;0;339;325;445;34;3;159;0;56;588;20;2898,75;3200;3511,25;3170,77259036145;512,151594646704;44;529;65;4;654;9,84650455927052;3,55035465900206;3;653
2016;"MUNICIPIO";"350390";1446;0;1406;3;206;346;355;326;166;41;3;0;1443;22;27;32;27,143153526971;6,60718740552342;0;17;194;928;88;215;709;71;8;648;2;671;770;568;878;1412;34;0;12;20;122;1275;13;154;1275;13;38;39;40;38,4334257975035;2,23748099857564;2;197;108;142;988;373;1073;616;829;1390;49;5;125;372;159;219;371;14;26;34;5;116;1439;0;6;1;0;721;724;709;71;8;648;2;109;1268;69;2905;3210;3520;3179,61964038728;573,350494446896;92;1161;153;15;1425;9,58055555555556;0,856912194899562;25;1417
2016;"MUNICIPIO";"350395";26;0;22;0;4;10;4;4;4;0;0;0;26;21;24;30;25,8076923076923;6,4001201911791;0;0;5;14;2;5;23;0;0;3;0;5;21;13;13;26;0;0;0;1;4;21;0;5;21;0;38;39;39;38;2,33238075793812;0;2;0;2;18;26;0;4;22;26;0;0;3;6;2;1;9;0;0;0;0;5;26;0;0;0;0;11;15;23;0;0;3;0;3;23;0;2835;3170;3427,5;3055,57692307692;576,845433236802;1;23;2;0;26;9,61538461538461;0,637302005452553;1;25
2016;"MUNICIPIO";"350400";1230;0;1200;3;162;272;328;278;157;28;2;0;1227;22;27;32;27,3552845528455;6,49176361503779;2;13;199;650;96;270;968;41;2;206;0;226;995;483;747;1195;35;0;2;10;114;1095;9;126;1095;9;38;39;39;38,2934959349594;1,85368982360799;2;144;38;52;984;64;1166;306;924;1176;49;4;132;277;116;137;398;16;20;35;4;94;1225;0;5;0;0;627;603;968;41;2;206;0;110;1075;45;2881,25;3160;3460;3140,72357723577;530,46190935759;75;1021;98;6;1224;9,87804878048781;2,62548493208766;11;1219
2016;"MUNICIPIO";"350410";2061;0;1939;4;247;475;528;446;289;69;2;1;2056;22;27;33;27,5963124696749;6,65320318411451;4;83;410;1100;73;376;1371;87;18;540;2;638;1405;765;1296;2005;56;0;9;25;213;1737;64;247;1737;64;38;39;40;38,470703125;2,23423666540489;7;325;101;113;1467;320;1741;776;1284;1991;59;3;340;318;347;191;551;17;27;56;3;191;2045;2;13;1;0;1075;986;1371;87;18;540;2;178;1776;107;2860;3200;3530;3170,89616690927;556,768062680702;149;1596;217;5;2053;9,80660835762877;0,532388115623276;24;2034
2016;"MUNICIPIO";"350420";147;0;143;0;15;35;39;35;22;1;0;0;147;23;28;33;27,7278911564626;6,18056811584884;0;3;19;87;8;29;115;6;0;25;0;52;93;65;82;141;6;0;0;0;17;128;2;17;128;2;38;38;39;38,1904761904762;1,53200259904163;0;26;3;7;110;55;92;15;132;140;5;0;9;47;3;11;52;3;2;6;0;12;146;1;0;0;0;81;66;115;6;0;25;0;12;130;5;2925;3175;3477,5;3174,34693877551;504,399937170176;6;118;15;2;144;9,74657534246575;0,938168750614298;0;146
2016;"MUNICIPIO";"350430";63;0;59;0;11;18;15;10;5;4;0;0;63;20,5;25;31;26,1428571428571;7,37444835084379;1;4;16;35;3;4;39;0;0;16;7;44;19;15;48;63;0;0;1;1;3;58;0;5;58;0;38;39;40;38,2539682539683;2,21409162884272;0;10;5;11;37;63;0;37;26;60;3;0;1;10;9;15;21;2;1;0;0;4;63;0;0;0;0;23;40;39;0;0;16;7;4;53;6;2935;3230;3577,5;3221,98412698413;561,468078317717;2;51;10;0;63;9,77777777777778;0,551959688933789;1;59
2016;"MUNICIPIO";"350440";151;0;142;1;23;40;47;27;13;0;0;0;150;21;26;30;25,7549668874172;5,88213893910168;0;5;55;73;2;12;83;1;0;66;0;99;51;58;93;151;0;0;0;3;23;117;6;26;117;6;37;38;39;38,0402684563758;2,33908966651233;0;30;5;9;98;150;1;49;102;147;3;0;14;30;15;11;51;1;2;0;0;24;150;0;1;0;0;64;87;83;1;0;66;0;14;131;6;2860;3200;3475;3157,62913907285;556,585334767803;11;121;16;0;150;9,22666666666667;0,625484152521811;2;148
2016;"MUNICIPIO";"350450";1298;0;1294;12;199;323;327;256;154;24;3;0;1286;21;26;32;26,5439137134052;6,56572235456751;3;108;280;663;69;174;1011;40;1;245;0;272;1025;501;797;1262;36;0;6;9;85;1185;12;100;1185;12;38;39;40;38,6615265998458;1,84725567583164;22;183;43;64;983;72;1226;628;670;1254;36;7;256;185;338;129;245;13;15;34;7;74;1294;3;1;0;0;657;641;1011;40;1;245;0;120;1135;43;2850;3175;3465;3131,38674884438;530,164798757173;108;1077;76;5;1292;9,0940632228219;0,625169289921953;7;1290
2016;"MUNICIPIO";"350460";215;0;211;1;23;54;55;48;28;6;0;0;214;22;27;32;27,5023255813954;6,25387686757661;0;5;34;123;11;42;175;5;1;34;0;114;101;96;119;215;0;0;1;2;19;193;0;22;193;0;38;38;39;38,1581395348837;1,76495380762666;3;16;10;12;173;212;3;40;175;202;13;0;22;58;20;20;62;9;4;0;0;20;212;1;2;0;0;126;89;175;5;1;34;0;13;196;6;2942,5;3220;3464;3179,58139534884;472,26992284718;7;195;13;0;212;9,77358490566038;0,482548897267928;2;213
2016;"MUNICIPIO";"350470";16;0;6;0;1;4;5;6;0;0;0;0;16;23,75;28;31;27,3125;4,57119605063416;0;0;2;11;0;3;13;0;0;2;0;10;6;6;10;16;0;0;0;0;1;14;1;1;14;1;38;38;39;38,25;2,04939015319192;0;1;0;2;13;16;0;3;13;14;0;0;1;4;3;0;5;0;0;0;0;1;16;0;0;0;0;8;8;13;0;0;2;0;2;13;1;2907,5;3185;3418,75;3124,6875;496,901964677138;1;14;1;0;16;9,75;0,447213595499958;0;8
2016;"MUNICIPIO";"350480";67;0;67;1;9;14;20;16;6;1;0;0;66;22;27;31;26,7761194029851;5,991966580404;0;2;11;35;5;14;57;4;0;6;0;32;35;27;40;67;0;0;0;1;3;63;0;4;63;0;38;38;39;38,1492537313433;1,60731030119947;0;6;1;2;58;67;0;9;58;64;3;0;9;16;2;6;27;1;2;0;0;4;67;0;0;0;0;38;29;57;4;0;6;0;3;64;0;2885;3150;3476;3149,55223880597;429,613860576515;2;61;4;0;67;9,80597014925373;0,398436564668868;1;66
2016;"MUNICIPIO";"350490";90;0;86;1;18;20;29;15;4;3;0;0;89;21;25,5;29;25,5333333333333;6,34265035163898;0;3;21;61;3;2;48;5;1;36;0;61;28;39;51;89;0;1;1;1;8;75;3;11;75;3;38;38;39;38,0112359550562;3,19621360512742;0;16;3;5;63;88;2;26;64;85;4;0;13;19;7;9;28;1;3;0;0;9;89;1;0;0;0;53;37;48;5;1;36;0;7;79;4;2982,5;3220;3447,5;3157,82222222222;628,163787018043;3;75;9;3;87;8,97777777777778;1,43767741672352;1;89
2016;"MUNICIPIO";"350500";54;0;49;2;11;18;8;5;10;0;0;0;52;20;23;31;25,2407407407407;7,04148136533137;0;2;10;33;1;4;40;0;0;8;2;14;36;25;29;54;0;0;0;1;4;48;1;5;48;1;38;39;39;38,5185185185185;2,27986047852437;0;14;1;3;31;53;1;29;25;50;0;0;12;8;11;5;9;0;0;0;0;5;54;0;0;0;0;30;24;40;0;0;8;2;4;45;5;3031,25;3365;3587,5;3307,87037037037;583,048755082826;1;43;9;1;49;9,68;1,18562822407122;0;54
2016;"MUNICIPIO";"350510";88;0;85;0;24;25;19;10;6;3;1;0;88;19;24;28,25;24,7613636363636;7,28246882191134;0;5;35;38;4;5;56;3;0;29;0;62;26;42;46;86;2;0;1;3;7;73;3;11;73;3;38;39;39,5;38,3448275862069;2,64059360049044;0;5;2;6;75;88;0;25;63;84;2;1;18;17;8;5;25;1;1;2;1;8;87;0;0;1;0;48;40;56;3;0;29;0;7;75;6;2920;3140;3500;3137,79545454545;647,188688915034;3;72;8;2;86;9,17045454545454;0,819610096664148;1;87
2016;"MUNICIPIO";"350520";402;0;280;1;60;112;102;77;44;6;0;0;401;21;26;31;26,4004975124378;6,3116327508253;0;6;107;214;19;51;274;11;0;67;0;83;309;174;228;382;20;0;0;7;41;331;6;48;331;6;37;38;39;38,1064935064935;2,04292080925826;5;30;9;12;337;85;317;53;349;344;14;2;38;95;30;42;88;3;7;20;2;27;402;0;0;0;0;195;207;274;11;0;67;0;40;345;17;2890;3192,5;3460;3131,8407960199;558,370643112296;24;302;38;3;396;9,83208020050125;0,753133109741501;4;376
2016;"MUNICIPIO";"350530";315;0;255;1;42;63;83;71;45;10;0;0;314;22;28;33;27,6444444444444;6,54435570923325;0;7;72;165;12;54;227;15;1;53;0;62;252;141;174;306;9;0;5;3;38;260;6;46;260;6;38;39;39;38,0384615384615;2,39206785487163;1;58;17;20;212;153;162;74;241;268;14;3;24;78;20;31;76;6;5;9;3;32;315;0;0;0;0;162;153;227;15;1;53;0;30;273;12;2880;3155;3430;3115,32698412698;588,630509587558;14;262;25;1;313;9,40127388535032;0,652935104452005;3;307
2016;"MUNICIPIO";"350535";67;0;67;0;14;18;14;13;7;1;0;0;67;21;26;31;25,910447761194;6,56836159471267;0;8;20;34;0;5;27;2;0;38;0;5;62;28;39;67;0;0;0;1;6;56;4;7;56;4;38;39;40;38,7313432835821;2,0786219907359;0;10;3;0;54;67;0;28;39;64;3;0;13;10;4;13;17;2;1;0;0;7;67;0;0;0;0;33;34;27;2;0;38;0;4;61;2;2895;3220;3590;3210,83582089552;507,285694325317;5;57;4;0;67;9,50746268656716;0,785727501695051;0;67
2016;"MUNICIPIO";"350540";91;0;88;1;18;26;14;25;4;3;0;0;90;20;25;32;25,8461538461538;7,11324754231783;3;5;28;48;2;4;44;3;0;43;0;24;65;32;59;90;1;0;0;0;11;72;6;11;72;6;38;39;40;39,0337078651685;1,9911704997669;1;26;4;8;51;89;2;64;27;88;2;0;10;15;14;16;20;1;1;1;0;11;88;1;1;1;0;45;46;44;3;0;43;0;9;69;13;3000;3350;3677,5;3305,27472527473;657,096882184288;11;61;13;1;89;9,66666666666667;0,635998728003816;0;90
2016;"MUNICIPIO";"350550";1391;0;1351;4;181;353;358;304;154;34;3;0;1387;22;27;32;27,0050323508267;6,42180216158594;1;21;208;813;78;270;820;86;9;467;0;552;833;569;822;1368;23;1;6;18;214;1126;26;239;1126;26;37;38;39;37,8950395398994;2,20931249647228;6;173;55;78;1058;38;1353;166;1225;1350;32;9;72;397;47;145;458;5;20;23;9;215;1388;1;1;1;0;712;679;820;86;9;467;0;130;1223;38;2845;3145;3425;3109,13731128684;519,220911090204;109;1118;130;27;1361;9,43876080691643;0,97325247551783;15;1374
2016;"MUNICIPIO";"350560";472;0;391;6;102;111;118;79;47;8;1;0;466;20;25;30;25,6822033898305;6,74219380471747;2;19;141;246;7;52;209;23;0;230;0;229;239;192;280;454;16;2;4;5;54;389;17;65;389;17;38;39;40;38,312101910828;2,67260372650975;0;87;30;23;277;458;14;236;235;437;24;3;93;59;90;41;93;10;13;15;3;49;458;14;0;0;0;254;217;209;23;0;230;0;54;398;20;2870;3210;3515,25;3146,53601694915;595,540610418435;37;363;47;6;463;9,79957356076759;4,21919705031478;8;456
2016;"MUNICIPIO";"350570";5446;0;4254;17;617;1243;1400;1254;716;186;13;0;5429;22;28;33;27,6990451707675;6,54275666951834;4;46;681;3244;376;1087;2773;187;22;2441;3;1260;4171;2227;3219;5314;132;3;25;62;417;4881;46;507;4881;46;38;39;40;38,4538093485462;2,06318853814936;14;600;191;251;3243;1753;3693;2534;2911;5062;369;5;232;1655;195;1286;1218;139;195;130;5;370;3293;2147;5;1;0;2813;2631;2773;187;22;2441;3;479;4748;219;2900;3215;3510;3164,97429305913;559,418610113096;395;4435;452;40;5396;9,47203826342899;0,807821677795946;51;5392
2016;"MUNICIPIO";"350580";280;0;277;0;49;79;65;55;25;6;1;0;280;21;26;31;26,0392857142857;6,59873123928032;0;8;58;171;11;32;142;7;12;118;0;143;137;115;165;276;4;0;2;3;30;235;10;35;235;10;38;39;39;38,2357142857143;2,20657445243348;1;23;6;11;238;117;163;124;156;273;6;1;34;66;32;48;57;3;3;4;1;32;280;0;0;0;0;136;144;142;7;12;118;0;23;250;7;2865;3225;3502,5;3157,55;548,885835646609;19;226;27;4;275;9,1505376344086;0,99219511627422;1;278
2016;"MUNICIPIO";"350590";677;0;599;6;105;156;170;140;86;14;0;0;671;21;27;32;26,8094534711965;6,60760046253268;0;9;176;360;21;106;515;45;1;116;0;281;393;305;372;660;17;0;0;11;92;555;15;103;555;15;37;38;39;38,0832095096582;1,95915899544505;3;132;14;27;444;92;585;202;475;635;29;1;50;197;55;81;149;12;15;17;1;86;677;0;0;0;0;340;336;515;45;1;116;0;68;589;20;2835;3110;3425;3098,0576070901;513,295465440904;38;553;62;3;668;9,83159463487332;0,610810806554704;16;658
2016;"MUNICIPIO";"350600";4677;0;4608;21;557;1048;1152;1108;653;131;6;1;4655;22;28;33;27,6929655762241;6,57201825833647;4;121;881;2422;278;959;3257;229;14;1145;1;2407;2255;1898;2779;4532;145;3;29;65;541;3961;76;638;3961;76;38;39;39;38,1749732620321;2,31332912239275;42;597;250;283;3483;66;4611;1665;3012;4469;195;4;279;1271;218;844;1249;71;96;145;4;490;4652;5;14;6;0;2377;2300;3257;229;14;1145;1;461;4011;205;2885;3215;3525;3164,77015180671;588,059516053543;236;3758;499;42;4607;9,66960636696064;0,847761477244776;37;4637
2016;"MUNICIPIO";"350610";912;0;890;6;131;204;219;214;108;29;1;0;906;22;27;33;27,2839912280702;6,69185705930933;0;18;165;501;52;174;646;47;4;211;0;377;532;387;525;885;27;0;4;11;47;844;6;62;844;6;38;39;39;38,5164473684211;1,87588348434616;4;154;50;63;624;64;848;176;736;886;21;2;109;239;81;56;337;10;9;27;2;39;909;0;1;2;0;488;424;646;47;4;211;0;71;794;47;2905;3230;3516,25;3190,26206140351;552,688932751188;76;724;85;8;901;9,7975797579758;0,71079984997633;11;901
2016;"MUNICIPIO";"350620";34;0;27;0;3;10;9;6;3;3;0;0;34;22,25;27;31,75;27,3823529411765;6,90636380178215;0;1;6;18;2;6;14;3;0;16;0;7;27;7;27;32;2;0;0;0;5;29;0;5;29;0;37,25;38;38,75;37,6764705882353;1,66461549359994;0;2;0;0;31;34;0;2;32;29;3;0;2;3;3;4;13;1;1;2;0;3;34;0;0;0;0;19;15;14;3;0;16;0;5;27;2;2877,5;3182,5;3555;3164,47058823529;538,739057277275;1;26;5;1;33;9,02941176470588;1,05845210359986;1;30
2016;"MUNICIPIO";"350630";126;0;115;1;21;30;38;21;13;2;0;0;125;21;26;31;26,1587301587302;6,27683066320919;0;6;28;67;5;16;106;2;0;14;0;26;98;53;73;122;4;0;1;0;17;104;4;18;104;4;37,25;39;40;38,4047619047619;2,086829447477;0;10;4;2;109;124;2;45;81;117;9;0;25;20;24;6;25;3;4;4;0;15;123;2;0;1;0;62;64;106;2;0;14;0;12;107;7;2845;3225;3566,25;3180,44444444444;569,610611636484;8;98;15;1;125;9,73809523809524;0,659436989300072;2;123
2016;"MUNICIPIO";"350635";1025;0;975;5;164;260;256;188;119;29;4;0;1020;21;26;31;26,619512195122;6,69082932284474;1;36;267;611;36;74;310;47;2;644;0;729;276;386;639;1005;20;2;2;13;99;865;44;116;865;44;38;39;40;38,5746341463415;2,31134694390997;10;271;68;73;589;226;799;504;520;992;33;0;130;202;173;148;226;12;14;20;0;100;1022;0;1;2;0;531;494;310;47;2;644;0;75;898;52;2946;3230;3550;3212,12097560976;530,054650593913;57;808;121;14;1009;9,55425219941349;0,860493534108886;11;1011
2016;"MUNICIPIO";"350640";72;0;71;1;10;19;14;17;10;1;0;0;71;21;25,5;32,25;26,9166666666667;6,72969036392955;0;1;16;41;4;10;50;4;0;17;0;23;49;32;40;68;4;0;0;0;9;61;2;9;61;2;37;38;39;37,9722222222222;1,86118410152809;0;8;3;1;60;71;1;4;68;70;2;0;3;23;2;8;24;1;0;4;0;7;72;0;0;0;0;32;40;50;4;0;17;0;9;62;1;2871,25;3195;3446,25;3108,29166666667;540,115387711046;5;54;7;0;72;9,25;0,686899545723749;0;72
2016;"MUNICIPIO";"350650";1363;0;1317;3;162;342;332;319;163;39;3;0;1360;22;27;32;27,3565663976522;6,47182466438901;0;20;234;801;56;240;902;14;1;440;0;608;748;548;815;1337;26;1;5;12;111;1220;7;129;1220;7;38;38;39;38,2817109144543;1,95037822629175;5;206;98;96;938;130;1233;410;953;1319;41;1;166;312;161;114;439;12;22;26;1;101;1363;0;0;0;0;717;646;902;14;1;440;0;132;1176;55;2870;3175;3477,5;3146,16067498166;547,165783715906;85;1132;112;16;1345;9,10360029390154;0,803664565745689;31;1330
2016;"MUNICIPIO";"350660";396;0;388;1;69;108;93;68;47;10;0;0;395;21;26;31;26,2121212121212;6,7438076271386;0;9;94;269;4;19;227;13;9;146;0;218;178;144;252;382;14;0;0;4;31;358;2;35;358;2;38;39;39;38,4886075949367;1,63146312068504;2;72;22;21;279;391;5;236;160;390;5;0;23;105;27;113;84;0;2;14;0;27;389;2;1;4;0;207;189;227;13;9;146;0;28;351;17;2857,5;3182,5;3495;3150,48737373737;546,837524609629;27;324;30;4;388;9,32142857142857;0,848497995934498;2;393
2016;"MUNICIPIO";"350670";154;0;126;0;31;40;46;23;9;5;0;0;154;20;25;29;25,474025974026;6,30405829651478;1;3;35;87;2;7;65;8;0;57;0;23;112;74;80;152;2;0;0;0;16;132;6;16;132;6;38;39;40;38,7077922077922;1,81109624360469;2;25;7;7;94;149;5;72;82;130;3;0;19;31;12;14;40;1;2;2;0;12;152;1;1;0;0;87;67;65;8;0;57;0;15;128;11;2857,5;3187,5;3533,75;3182,62987012987;550,553256508642;17;117;18;1;132;9,66165413533835;0,626283143986091;0;154
2016;"MUNICIPIO";"350680";142;0;95;4;18;38;34;30;16;2;0;0;138;22;25;31,75;26,5633802816901;6,59944634335013;0;1;25;65;5;14;85;1;0;17;0;63;78;61;81;138;4;0;2;2;13;122;0;17;122;0;38;39;40;38,4172661870504;2,70238563574542;1;12;3;12;81;110;32;25;117;100;4;1;17;23;12;3;27;2;2;4;1;11;142;0;0;0;0;85;57;116;1;0;18;0;17;120;5;2785;3170;3432,5;3076,01408450704;643,725581217412;12;116;7;4;138;9,65492957746479;1,1111668816956;4;138
2016;"MUNICIPIO";"350690";124;0;122;3;20;39;27;18;13;4;0;0;121;20,75;24,5;30;25,6290322580645;6,99299038344942;0;2;35;76;2;9;94;8;0;22;0;14;110;44;80;114;10;0;0;0;10;110;4;10;110;4;37;38;39;38,3225806451613;1,69910730792672;1;21;6;7;88;122;2;77;47;111;12;1;24;11;35;7;26;2;4;9;1;5;121;1;1;1;0;67;57;94;8;0;22;0;9;111;4;2825;3132,5;3435;3143,87096774194;443,47658241476;3;105;6;1;122;9,46341463414634;0,704699481663083;0;124
2016;"MUNICIPIO";"350700";804;0;786;4;125;207;192;171;82;21;1;1;799;21;26;31;26,6766169154229;6,99224979231787;3;35;144;475;44;103;538;27;0;231;0;412;391;330;474;787;17;1;4;11;78;684;26;94;684;26;38;39;40;38,4216417910448;2,31677606783391;4;116;42;58;577;258;546;278;526;774;30;0;121;157;95;95;210;12;16;17;0;81;801;0;2;1;0;410;394;538;27;0;231;0;77;693;34;2880;3215;3540;3160,20771144279;574,80930869301;56;642;78;7;796;9,59651307596513;0,838052483947903;3;799
2016;"MUNICIPIO";"350710";327;0;311;1;49;74;84;75;30;13;1;0;326;22;27;32;27,0948012232416;6,63511322367911;0;8;68;200;18;33;222;20;0;80;0;181;145;127;200;319;8;0;1;3;31;278;13;35;278;13;38;39;40;38,6319018404908;2,07981376448721;2;66;17;18;216;324;3;113;214;315;12;0;47;64;51;34;81;5;7;8;0;29;323;4;0;0;0;175;152;222;20;0;80;0;25;288;14;2912,5;3250;3537,5;3208,37003058104;516,917528001828;27;252;33;2;325;9,78899082568807;0,555066919561639;4;322
2016;"MUNICIPIO";"350715";70;0;69;0;18;23;11;9;8;1;0;0;70;19,25;23;29,75;25,0857142857143;6,70224461025819;2;6;24;30;3;5;49;2;1;18;0;14;56;30;40;67;3;0;0;0;14;56;0;14;56;0;37;39;39;38,0571428571429;1,99917167111792;0;11;1;6;51;70;0;44;26;67;3;0;2;23;2;18;11;0;1;3;0;10;70;0;0;0;0;39;31;49;2;1;18;0;12;56;2;2792,5;3135;3385;3060,54285714286;520,703862698751;2;62;3;2;68;9,14285714285714;0,9369347847584;4;66
2016;"MUNICIPIO";"350720";9;0;9;0;0;5;1;1;2;0;0;0;9;24;24;31;27,2222222222222;6,07819417627016;0;0;0;9;0;0;7;0;0;2;0;0;9;3;6;7;2;0;0;0;3;6;0;3;6;0;36;38;39;37,4444444444444;1,50923085635624;0;0;0;0;9;9;0;1;8;9;0;0;0;1;1;0;4;0;0;2;0;1;9;0;0;0;0;2;7;7;0;0;2;0;2;7;0;2720;2985;3080;2816,22222222222;485,563790293762;0;7;0;0;9;9,66666666666667;0,707106781186548;0;9
2016;"MUNICIPIO";"350730";55;0;46;0;8;15;8;13;6;4;1;0;55;22;27;34;28,1272727272727;7,62076730231899;0;1;19;23;0;12;39;1;0;9;0;9;46;20;35;53;2;0;1;0;6;48;0;7;48;0;38;39;39;38,0363636363636;2,72820410583549;0;4;2;2;47;55;0;3;52;50;2;1;4;8;4;9;19;1;1;2;1;4;55;0;0;0;0;29;26;39;1;0;9;0;4;47;4;2830;3200;3465;3149,90909090909;680,041863437051;5;43;5;2;53;9,56363636363636;1,63031054033042;0;53
2016;"MUNICIPIO";"350740";151;0;127;3;7;39;32;36;26;6;2;0;148;23;28;34;28,5298013245033;6,91356921521715;0;9;35;83;4;19;109;3;0;39;0;36;113;51;100;149;2;0;0;0;17;134;0;17;134;0;38;38;39;38,0662251655629;1,4499143614811;0;17;5;4;106;67;84;26;125;142;7;1;18;26;11;13;56;3;4;2;1;16;150;1;0;0;0;84;67;109;3;0;39;0;10;135;6;2945;3240;3520;3232,50331125828;457,422997150663;2;131;16;2;149;9,49668874172185;0,97893937289586;3;145
2016;"MUNICIPIO";"350745";30;0;23;0;3;5;7;11;4;0;0;0;30;24,25;29,5;32;28,2333333333333;6,44704333908901;0;1;7;17;1;3;19;1;0;4;0;17;13;9;21;30;0;0;0;0;4;26;0;4;26;0;38;39;39;38,4;1,56689898008554;0;6;1;0;23;30;0;11;19;30;0;0;0;9;0;4;13;0;0;0;0;4;30;0;0;0;0;15;15;19;1;0;4;0;1;29;0;2937,5;3121,5;3475;3181,43333333333;385,930017180472;0;28;2;1;29;9,36666666666667;0,99942512211403;0;30
2016;"MUNICIPIO";"350750";1724;0;1723;6;248;379;448;382;218;42;1;0;1718;22;27;32;27,1218097447796;6,52920666921389;1;37;287;1033;51;315;1401;62;1;260;0;267;1457;698;1026;1688;36;3;9;17;162;1467;66;191;1467;66;38;39;40;38,4680974477958;2,39791520008677;3;159;86;81;1394;22;1702;835;889;1657;60;7;321;266;341;142;399;26;29;35;7;158;1709;3;11;1;0;890;834;1401;62;1;260;0;167;1493;64;2868,75;3190;3465;3132,91705336427;563,891790956976;122;1427;121;26;1698;9,67343387470998;4,9163131904714;25;1699
2016;"MUNICIPIO";"350760";2173;0;2126;3;247;516;542;501;314;49;1;0;2170;22;28;32;27,5950299125633;6,40368600414734;3;63;413;1186;125;382;1628;65;8;469;0;1213;955;965;1208;2125;47;0;9;30;226;1820;86;265;1820;86;38;39;40;38,4509442653155;2,29078755743472;5;318;120;132;1562;148;2025;657;1516;2108;58;5;408;418;293;199;528;25;27;43;5;223;2162;4;6;1;0;1101;1072;1628;65;8;469;0;198;1868;107;2890;3190;3485;3161,08421537046;549,943714510116;159;1705;221;16;2156;9,81998158379374;0,66864114154695;21;2152
2016;"MUNICIPIO";"350770";64;0;58;1;14;8;19;10;12;0;0;0;63;20,75;27;31,25;26,5;7,35278804695825;0;0;24;33;1;5;27;0;0;33;3;40;24;17;47;61;3;0;1;0;12;50;1;13;50;1;37;38;39;37,609375;2,79237730827086;0;9;1;4;46;64;0;21;43;62;2;0;3;8;10;7;22;2;0;3;0;9;63;1;0;0;0;35;29;27;0;0;33;3;10;51;3;2740;3150;3406,25;3044,53125;656,032276808303;5;52;4;1;63;9,203125;0,839116835424045;2;62
2016;"MUNICIPIO";"350775";31;0;31;0;5;6;5;10;5;0;0;0;31;21,5;29;32;27,2258064516129;6,66688171696161;0;1;5;21;1;3;22;0;0;9;0;9;22;14;17;31;0;0;0;0;5;26;0;5;26;0;37,5;38;39;38,2258064516129;1,58555305638873;0;3;0;0;28;31;0;8;23;29;2;0;1;7;4;5;7;2;0;0;0;5;31;0;0;0;0;17;14;22;0;0;9;0;4;24;3;2945;3230;3600;3306,90322580645;860,180576190787;3;24;4;0;31;9,29032258064516;0,642575463121999;0;31
2016;"MUNICIPIO";"350780";287;0;229;1;45;69;69;64;29;9;1;0;286;21;26;31;26,7073170731707;6,69082835196635;1;11;83;133;7;43;208;12;0;56;0;114;171;104;183;282;5;1;3;3;20;243;7;27;243;7;38;39;40;38,4512635379061;2,48662513401351;1;52;8;9;165;277;10;145;142;264;8;0;38;47;61;23;70;5;3;5;0;20;276;7;2;2;0;132;154;215;12;0;58;0;22;248;17;3002,5;3290;3582,5;3219,35540069686;628,580401222588;12;227;30;3;282;9,53684210526316;0,873843617956577;3;284
2016;"MUNICIPIO";"350790";293;0;262;4;43;65;70;67;39;5;0;0;289;22;27;32;27,0443686006826;6,71035368690759;1;8;56;184;3;39;187;19;0;71;0;83;208;123;170;287;6;0;3;4;32;237;14;39;237;14;37;39;39;38,2034482758621;2,57550112819412;0;18;9;14;249;83;210;134;158;277;10;1;52;51;57;18;60;3;5;5;1;33;292;0;0;1;0;148;145;187;19;0;71;0;23;261;9;2865;3145;3420;3106,8156996587;517,362310607961;15;239;23;2;288;9,88620689655172;0,636939121843659;1;291
2016;"MUNICIPIO";"350800";307;0;304;9;62;90;64;53;26;3;0;0;298;20;24;30;24,9543973941368;6,50925976020895;3;19;114;143;9;19;245;8;4;49;1;42;264;109;198;299;8;0;1;1;25;278;2;27;278;2;38;39;40;38,5048859934853;1,61360906634357;0;56;12;21;218;305;2;161;146;304;3;0;11;88;20;79;78;1;1;8;0;21;303;1;0;3;0;153;154;245;8;4;49;1;23;267;17;2930;3250;3530;3220,3680781759;518,519711171226;12;262;25;11;294;9,06229508196721;0,935091455987734;2;305
2016;"MUNICIPIO";"350810";179;0;173;2;25;43;49;41;16;3;0;0;177;21;27;31;26,4245810055866;6,15425852541269;0;2;31;113;4;27;133;2;0;42;0;65;110;74;105;177;2;0;0;3;10;163;2;13;163;2;38;39;39;38,4157303370786;1,78385090180357;0;22;1;7;147;97;82;50;129;175;2;0;16;51;21;24;50;1;1;2;0;10;179;0;0;0;0;90;89;133;2;0;42;0;13;154;12;2950;3240;3500;3215,59217877095;498,274648042929;8;147;21;3;174;9,33898305084746;1,09144664465112;4;174
2016;"MUNICIPIO";"350820";53;0;48;2;10;14;12;7;8;0;0;0;51;20;25;30;25,5094339622642;6,84336467375918;0;2;15;24;0;12;41;0;0;11;0;7;45;26;27;53;0;0;0;0;2;51;0;2;51;0;38;39;39;38,377358490566;0,903548881108003;1;4;0;0;45;53;0;8;45;51;2;0;1;23;2;9;15;2;0;0;0;1;53;0;0;0;0;23;30;41;0;0;11;0;8;45;0;2640;3080;3275;2999,20754716981;443,184948304298;9;44;0;1;52;9,50943396226415;1,18682902516674;0;53
2016;"MUNICIPIO";"350830";54;0;54;0;12;16;12;8;4;2;0;0;54;20;24;29,75;24,9074074074074;6,75520349683988;0;1;20;28;2;3;41;0;0;13;0;23;31;16;38;54;0;0;0;2;1;48;3;3;48;3;37,25;39;39;38,3518518518519;2,35650370538369;1;13;2;4;34;54;0;23;31;53;1;0;6;9;11;8;16;0;1;0;0;3;54;0;0;0;0;26;28;41;0;0;13;0;3;48;3;2956,25;3260;3530;3192,96296296296;551,590768560231;2;46;6;0;54;9,74074074074074;0,619956942667557;0;54
2016;"MUNICIPIO";"350840";791;0;783;0;115;201;226;145;82;22;0;0;791;21;26;31;26,5347661188369;6,37606222788313;4;27;157;484;39;77;467;42;2;277;0;253;536;310;481;779;12;0;1;8;75;693;14;84;693;14;38;39;40;38,4917825537295;1,96220509728125;5;87;26;33;636;373;418;374;417;757;29;4;143;116;160;62;188;19;10;12;4;76;790;0;1;0;0;410;381;467;42;2;277;0;71;694;26;2890;3185;3495;3154,4791403287;525,473227835556;62;659;56;3;787;9,52151898734177;0,727108774605266;7;784
2016;"MUNICIPIO";"350850";1194;0;1164;4;160;276;304;274;152;24;0;0;1190;22;27;32;27,1256281407035;6,35490951308059;0;18;180;748;65;180;887;35;0;263;0;544;646;465;729;1162;32;2;2;8;109;1064;8;121;1064;8;38;38;39;38,1818943839061;1,8581240356308;3;168;54;54;899;282;912;385;809;1161;28;1;78;330;54;194;380;7;14;32;1;99;1188;1;5;0;0;600;593;887;35;0;263;0;112;1034;48;2870;3200;3460;3146,69932998325;537,518232256296;63;1011;84;5;1185;9,51764705882353;0,712220264691405;7;1187
2016;"MUNICIPIO";"350860";402;0;269;1;62;92;114;82;41;9;1;0;401;21;26;31;26,5771144278607;6,38110315213954;0;1;75;227;18;70;254;16;0;117;0;201;193;160;242;384;18;0;3;4;41;317;12;48;317;12;38;39;39;38,2466843501326;2,38125344442576;0;44;32;18;250;399;3;81;320;382;8;0;62;63;30;19;140;2;3;18;0;32;400;0;2;0;0;217;185;254;16;0;117;0;34;354;14;2896,25;3195;3500;3150,5671641791;535,637282561849;24;295;34;3;354;9,33613445378151;0,870334859917868;5;392
2016;"MUNICIPIO";"350870";192;0;186;1;38;52;37;43;20;1;0;0;191;21;25;32;25,9635416666667;6,52291361667551;2;3;56;95;4;31;145;15;0;31;0;98;93;78;114;188;4;0;0;0;18;174;0;18;174;0;38;39;40;38,5625;1,58733534826558;0;28;3;2;157;192;0;32;160;187;4;0;12;55;9;23;68;3;1;4;0;16;192;0;0;0;0;87;105;145;15;0;31;0;12;173;7;2866,25;3187,5;3441,25;3156,5;483,633239084788;19;156;13;1;187;9,13829787234043;0,549205820974469;1;189
2016;"MUNICIPIO";"350880";225;0;65;2;35;57;53;53;22;3;0;0;223;22;26;31;26,5244444444444;6,44278235271412;0;4;48;125;15;30;132;3;1;84;0;64;158;93;132;213;4;0;0;0;23;187;7;23;187;7;37;38;39;38,221198156682;1,78131049407252;0;33;10;14;164;69;156;24;197;67;3;0;5;12;3;7;21;1;2;4;0;14;225;0;0;0;0;116;109;132;3;1;84;0;17;198;10;2875;3145;3500;3156,71111111111;486,944125489985;8;171;22;0;223;9,39461883408072;0,626996065194835;3;221
2016;"MUNICIPIO";"350890";28;0;23;0;2;6;8;8;4;0;0;0;28;24;28;30,25;27,75;5,39289656245448;0;1;6;19;0;2;22;0;0;5;0;4;24;5;23;28;0;0;0;0;1;27;0;1;27;0;38;38;39;38,25;1,29457557752567;0;7;2;1;14;28;0;4;24;28;0;0;1;4;4;3;15;0;0;0;0;1;28;0;0;0;0;20;8;22;0;0;5;0;0;26;2;3035;3300;3781,25;3367,32142857143;512,003114398183;2;19;7;0;28;9,42857142857143;0,790151013628803;0;28
2016;"MUNICIPIO";"350900";1414;0;1353;5;194;354;326;305;183;45;2;0;1409;22;27;32;27,1973125884017;6,66868068239604;1;18;170;931;79;212;758;58;2;575;3;756;649;565;849;1387;27;0;7;10;158;1207;29;175;1207;29;38;39;40;38,3167965981573;2,05066879258846;0;264;84;116;912;469;945;622;792;1363;44;5;158;330;181;196;332;14;20;27;5;146;1409;2;1;2;0;731;683;758;58;2;575;3;123;1251;40;2906,25;3195;3490;3162,44625176803;520,385246682407;88;1190;98;12;1397;9,51596877217885;2,52345400221539;7;1406
2016;"MUNICIPIO";"350910";49;0;46;1;6;9;16;7;8;2;0;0;48;23;27;32;27,6122448979592;6,8520566454247;0;3;10;29;2;4;33;0;0;15;0;19;29;14;35;49;0;0;0;0;4;45;0;4;45;0;38;39;39;38,5510204081633;1,56872061047897;0;7;4;7;30;49;0;6;43;48;0;0;12;1;13;2;16;0;0;0;0;4;48;1;0;0;0;24;25;33;0;0;15;0;5;41;3;2920;3235;3500;3204,89795918367;453,496244237386;3;43;3;0;46;9,43478260869565;0,654969852166019;0;49
2016;"MUNICIPIO";"350920";1302;0;1242;2;145;290;338;321;179;26;1;0;1300;23;28;33;27,6781874039939;6,33937468712258;1;16;177;785;77;243;606;64;2;610;1;654;633;521;781;1288;14;0;2;11;114;1138;28;127;1138;28;38;39;40;38,5653518948182;1,89951268088313;0;195;54;88;931;771;531;556;746;1264;29;4;263;195;277;103;291;15;11;14;4;117;1298;2;2;0;0;670;632;606;64;2;610;1;117;1109;76;2946,25;3230;3550;3211,69508448541;554,050307494591;85;1056;133;17;1283;9,37615384615385;0,924835157577767;10;1292
2016;"MUNICIPIO";"350925";480;0;471;6;83;130;112;86;52;11;0;0;474;20;25;31;25,88125;6,81123829556696;1;20;110;313;8;28;286;12;2;179;0;113;366;180;300;466;14;0;3;3;32;424;16;38;424;16;38;39;40;38,7468619246862;2,0549935565794;0;93;17;23;341;476;4;337;143;455;24;1;46;110;70;89;98;8;13;13;1;31;479;0;1;0;0;253;227;286;12;2;179;0;27;410;43;3000;3310;3621,25;3299,65625;530,570985377574;25;370;67;5;475;9,69166666666667;0,767783821929339;6;474
2016;"MUNICIPIO";"350930";92;0;91;2;11;26;24;19;9;1;0;0;90;22;26;31;26,3260869565217;6,09288667515748;0;5;10;65;3;9;75;3;0;14;0;11;81;35;57;92;0;0;0;1;14;76;1;15;76;1;37;38;38;37,4239130434783;1,5351822431972;0;9;4;4;75;42;50;7;85;91;0;0;1;27;0;10;39;0;0;0;0;14;91;1;0;0;0;45;47;75;3;0;14;0;12;80;0;2668,75;3092,5;3377,5;3014,51086956522;452,717715084007;9;80;3;1;91;9,73913043478261;0,768465936062049;1;91
2016;"MUNICIPIO";"350940";361;0;276;1;66;105;91;57;32;9;0;0;360;20;25;30;25,7313019390582;6,44957713688973;0;4;79;201;13;44;279;18;0;53;0;223;122;162;199;348;13;0;1;1;65;279;2;67;279;2;37;38;39;37,75;1,84660292513371;0;56;38;42;203;44;317;63;298;345;14;0;9;116;9;45;88;4;8;13;0;56;359;1;1;0;0;208;153;279;18;0;53;0;36;318;7;2774;3082;3384;3045,79224376731;533,037442447325;24;283;30;3;358;9,72853185595568;0,787746648999637;2;340
2016;"MUNICIPIO";"350945";80;0;79;0;11;25;18;13;12;1;0;0;80;21;26;31,25;26,425;6,40564426744201;0;3;24;41;3;9;67;1;0;12;0;22;58;36;44;78;2;0;0;0;2;74;4;2;74;4;38;39;39;38,65;1,58393836985334;0;1;1;1;76;80;0;28;52;79;1;0;17;16;13;9;20;1;0;2;0;2;80;0;0;0;0;31;49;67;1;0;12;0;5;67;8;3068,75;3220;3512,5;3300;477,480200398039;3;59;16;0;80;9,6625;0,475840362551257;1;79
2016;"MUNICIPIO";"350950";15159;0;13558;71;1711;3226;3582;3872;2184;478;35;0;15088;23;28;33;27,9893132792401;6,60136821627954;104;297;2444;7792;718;3538;9768;821;169;3911;5;3924;11042;6708;8451;14769;390;8;82;220;1503;13139;201;1813;13139;201;38;39;40;38,3313535273543;2,27746747518487;19;1684;631;696;11080;324;14835;5463;9695;14606;391;15;4206;1404;2842;660;3711;166;171;382;15;1455;15038;29;87;5;0;7834;7319;9768;821;169;3911;5;1456;13071;632;2875;3195;3500;3152,41856322976;562,768504194798;936;12349;1395;124;14859;9,88166588800641;4,38113144631943;266;14874
2016;"MUNICIPIO";"350960";1095;0;1055;4;149;282;272;228;129;31;0;0;1091;22;27;32;26,9543378995434;6,4880509558454;1;16;161;703;61;151;692;60;4;336;0;536;552;435;660;1075;19;0;2;9;90;971;20;101;971;20;38;39;40;38,5412087912088;1,8636239014866;3;222;77;82;682;679;416;503;591;1053;31;3;138;236;184;140;247;11;19;19;3;87;1092;1;2;0;0;577;518;692;60;4;336;0;87;960;48;2897,5;3195;3510;3177,38082191781;519,887310421019;71;906;94;10;1082;9,38644688644689;0,835135523022648;9;1085
2016;"MUNICIPIO";"350970";762;0;749;2;111;217;176;141;98;15;2;0;760;21;26;31;26,6207349081365;6,57868500818068;1;16;233;434;14;64;698;15;0;47;0;337;423;292;470;746;16;0;2;13;90;636;20;105;636;20;37;38;39;38,0433639947438;2,07604412163255;2;105;28;39;585;76;686;156;606;747;14;1;40;207;30;157;208;4;9;15;1;90;127;634;1;0;0;396;366;698;15;0;47;0;81;664;17;2806,25;3070;3358,75;3057,19947506562;511,138375076079;54;637;49;4;756;9,23552631578947;0,631664248336666;1;758
2016;"MUNICIPIO";"350980";53;0;51;1;12;13;11;10;5;1;0;0;52;20;25;31;25,622641509434;6,83662764114212;0;2;12;28;2;9;41;3;0;9;0;6;47;29;24;50;3;0;0;0;5;47;1;5;47;1;38;39;39;38,4528301886792;1,5512530634179;0;12;1;3;35;53;0;13;40;52;1;0;5;19;4;9;9;0;0;3;0;4;52;1;0;0;0;32;21;41;3;0;9;0;5;47;1;2884;3254;3490;3207,45283018868;459,583740006513;2;42;6;1;52;9,18867924528302;0,899927428133576;2;51
2016;"MUNICIPIO";"350990";170;0;163;1;27;35;36;33;29;7;2;0;169;21;28;34;27,8176470588235;7,5484028087704;2;11;41;92;9;14;99;6;0;61;4;38;132;57;113;168;2;0;1;0;14;148;4;15;148;4;38;39;40;38,7185628742515;2,07360412490093;0;41;8;12;105;166;4;125;45;164;6;0;14;37;34;33;30;0;6;2;0;13;167;0;2;1;0;89;81;99;6;0;61;4;10;150;10;2998,75;3300;3628,75;3260,73529411765;566,532237096912;6;137;22;3;167;10,2;6,89876071539549;1;168
2016;"MUNICIPIO";"350995";78;0;50;2;18;22;20;13;3;0;0;0;76;19,25;24;27;24,1794871794872;5,63556330454851;0;2;24;42;4;4;40;3;0;31;0;47;31;25;53;74;4;0;0;2;7;58;6;9;58;6;38;38;39;38,3561643835616;2,57859707234217;0;13;6;14;37;78;0;15;63;76;2;0;11;11;7;3;32;0;1;4;0;5;78;0;0;0;0;37;40;40;3;0;31;0;7;68;3;2946,25;3172,5;3452,5;3119,48717948718;552,470596116897;3;57;5;0;65;9,32307692307692;0,663976945846303;2;73
2016;"MUNICIPIO";"351000";303;0;282;1;51;73;78;63;31;6;0;0;302;21;26;31;26,3498349834984;6,42658939852101;1;6;57;176;17;46;254;3;0;44;0;93;208;117;186;299;4;0;1;5;29;260;8;35;260;8;38;39;39;38,2310231023102;2,17132759373892;1;23;8;10;245;129;174;94;209;290;13;0;30;64;37;32;96;7;5;4;0;28;301;1;1;0;0;164;139;254;3;0;44;0;33;253;17;2847,5;3155;3505;3126,0099009901;580,258194900622;24;245;29;3;299;9,74834437086093;0,879584189336642;2;300
2016;"MUNICIPIO";"351010";20;0;14;0;0;5;6;4;4;1;0;0;20;24,75;28;33,75;29,35;6,01117380603121;0;2;3;10;1;4;18;0;0;2;0;9;11;6;14;20;0;0;0;0;2;18;0;2;18;0;38;39;39,25;38,35;1,72520021721355;0;1;0;0;15;20;0;4;16;16;1;0;1;4;1;2;7;0;1;0;0;1;20;0;0;0;0;8;12;18;0;0;2;0;1;19;0;3125;3390;3610;3314;421,674606401916;1;16;3;0;20;9,95;0,223606797749979;0;20
2016;"MUNICIPIO";"351015";64;0;64;1;18;13;16;7;9;0;0;0;63;19;24,5;29,25;24,84375;7,12299818718236;0;5;15;39;1;4;35;3;0;26;0;15;49;24;40;64;0;0;0;0;6;55;3;6;55;3;38;39;40;38,6875;1,85056833826886;0;16;3;4;41;64;0;26;38;62;2;0;11;8;17;3;17;1;1;0;0;6;64;0;0;0;0;28;36;35;3;0;26;0;6;52;6;2960;3227,5;3551,25;3210,203125;572,547306694196;3;55;6;0;64;9,546875;0,640676415861603;0;64
2016;"MUNICIPIO";"351020";654;0;647;4;94;155;185;140;56;19;1;0;650;21;27;32;26,7262996941896;6,46631128949017;3;30;148;387;18;68;528;1;2;122;0;95;559;226;428;642;12;0;1;5;32;608;8;38;608;8;38;39;40;38,7415902140673;1,63954236050173;3;83;14;22;527;38;616;203;451;624;29;0;110;100;89;75;210;9;18;12;0;30;653;0;0;1;0;349;305;528;1;2;122;0;49;576;29;2956,25;3235;3500;3201,74617737003;520,370406221789;53;534;55;4;649;9,56967840735069;0,726449927831602;9;644
2016;"MUNICIPIO";"351030";281;0;271;2;44;79;73;52;26;5;0;0;279;21;25;31;25,9964412811388;6,33724716071608;1;19;92;146;3;18;219;8;0;49;0;96;183;82;199;275;6;0;1;2;41;218;18;44;218;18;37;39;40;38,4964285714286;2,31714540467811;0;39;10;11;215;279;2;123;158;267;13;0;36;30;60;26;75;4;7;6;0;36;279;2;0;0;0;149;132;219;8;0;49;0;21;244;16;2905;3200;3525;3197,10320284697;516,618946361537;12;222;31;3;277;9,58928571428571;0,747199927525979;3;277
2016;"MUNICIPIO";"351040";692;0;674;6;98;176;186;134;74;16;0;2;684;21;26;31;26,6300578034682;6,69354991139496;2;14;174;358;40;102;476;56;1;152;0;162;522;293;399;665;27;0;2;13;69;592;15;84;592;15;38;39;40;38,4023154848046;2,20347429723742;1;117;27;38;501;109;583;169;523;665;24;1;95;153;86;59;194;6;9;26;1;60;691;1;0;0;0;356;336;476;56;1;152;0;66;592;34;2863,75;3207,5;3546,25;3163,48121387283;589,254952518602;50;532;75;6;682;9,45058139534884;0,730216780480086;1;691
2016;"MUNICIPIO";"351050";1719;0;1686;9;255;472;419;345;176;38;5;0;1710;21;26;31;26,5055264688773;6,45652143891127;2;27;243;1155;91;196;1167;30;1;512;0;979;735;636;1083;1682;37;0;6;16;146;1533;17;168;1533;17;38;39;40;38,5739231664726;2,03437433881091;5;160;119;136;1296;123;1596;610;1109;1662;53;2;330;223;342;132;462;21;28;37;2;139;1704;6;8;1;0;871;848;1167;30;1;512;0;141;1487;91;2917,5;3240;3560;3204,10703897615;574,323480291771;111;1396;171;22;1682;9,74354460093897;0,798901547186193;3;1713
2016;"MUNICIPIO";"351060";7061;0;6645;42;1018;1793;1723;1423;841;210;8;3;7016;21;26;32;26,8620591984138;6,71889692378263;4;101;1020;4534;466;932;3053;304;17;3670;5;4185;2860;2781;4280;6879;181;0;37;73;611;6289;37;721;6289;37;38;39;40;38,418901660281;2,02466350756938;35;1336;704;586;4028;2402;4659;3570;3490;6706;336;11;866;1507;1160;986;1507;125;166;178;11;537;6855;181;18;6;0;3570;3490;3053;304;17;3670;5;668;6070;323;2875;3195;3500;3155,21300099136;563,672337369802;491;5774;589;58;6979;9,41992326275401;0,790445966781811;65;6990
2016;"MUNICIPIO";"351070";140;0;137;1;17;42;45;25;10;0;0;0;139;21,75;26;29,25;25,8;5,68121985077199;0;2;28;88;5;16;70;3;0;67;0;73;67;53;87;136;4;0;1;2;24;112;1;27;112;1;37;38;39;37,9142857142857;2,35816571285626;0;21;4;3;110;101;39;25;115;134;6;0;13;32;9;11;44;1;3;4;0;23;140;0;0;0;0;75;65;70;3;0;67;0;7;130;3;2970;3237,5;3575;3238,03571428571;512,778331660328;5;113;17;1;139;9,72857142857143;0,943305508640249;0;140
2016;"MUNICIPIO";"351080";292;0;184;0;41;80;64;69;31;7;0;0;292;21;26;32;26,791095890411;6,4903462144866;1;11;57;162;5;40;182;22;0;45;0;91;195;115;177;286;6;1;2;2;44;214;13;49;214;13;37;38;39;38,0507246376812;2,73116016312247;0;35;9;6;199;72;220;61;229;271;9;0;32;59;29;34;59;2;5;6;0;42;292;0;0;0;0;156;136;182;22;0;45;0;23;260;9;2846,25;3160;3416,25;3112,6198630137;500,595311599956;19;215;26;6;286;9,61301369863014;1,0572455750663;2;283
2016;"MUNICIPIO";"351090";26;0;21;0;3;10;5;4;3;1;0;0;26;21;25,5;30,75;26,5384615384615;6,66471766382204;0;1;7;17;1;0;15;4;0;7;0;9;17;9;17;26;0;0;0;0;2;23;1;2;23;1;39;39;40;39,1923076923077;1,78928434340058;0;3;1;0;17;26;0;17;9;25;1;0;5;3;5;3;7;1;0;0;0;2;26;0;0;0;0;17;9;15;4;0;7;0;0;25;1;2956,25;3171,5;3502,5;3217,69230769231;430,418844311517;1;23;2;0;26;9,5;0,707106781186548;0;26
2016;"MUNICIPIO";"351100";257;0;77;2;39;72;71;42;25;5;1;0;255;21;26;30;26,0505836575875;6,35116328310319;0;6;59;147;12;32;135;11;0;109;0;115;142;89;168;248;9;1;2;2;27;213;3;32;213;3;37;39;39;38,0524193548387;2,54539239865009;0;31;16;17;177;256;1;46;211;230;10;0;60;13;31;13;78;2;5;9;0;24;257;0;0;0;0;141;116;136;11;0;109;0;18;231;8;2900;3205;3500;3177,59143968872;530,42301846751;16;197;25;4;253;9,52918287937743;0,952035501087401;1;87
2016;"MUNICIPIO";"351110";1353;0;1292;8;155;318;351;308;180;30;3;0;1345;22;27;32;27,3784183296378;6,38300778041754;0;45;250;726;56;262;1004;65;1;262;0;286;1050;572;781;1321;32;0;5;14;121;1211;2;140;1211;2;38;39;39;38,2705099778271;1,89381454781227;10;130;46;61;1096;41;1312;261;1092;1279;72;2;89;384;70;163;442;31;29;32;2;111;1351;0;2;0;0;684;669;1004;65;1;262;0;121;1184;48;2875;3200;3490;3163,32594235033;524,977994227044;65;1146;110;9;1342;9,62694300518135;0,741359749035463;10;1338
2016;"MUNICIPIO";"351120";90;0;84;2;9;27;28;14;9;1;0;0;88;21,25;26;30;26,0777777777778;6,0544862701146;0;3;31;44;1;9;60;3;0;23;0;11;79;40;50;90;0;0;0;0;5;84;1;5;84;1;38;39;39;38,4444444444444;1,37482265341373;0;11;7;6;66;90;0;20;70;88;1;1;6;30;5;10;33;1;0;0;1;4;90;0;0;0;0;49;41;60;3;0;23;0;7;82;1;2952,5;3230;3521,25;3199,5;447,170913457815;7;78;5;2;88;9,65555555555556;1,00740082859961;2;87
2016;"MUNICIPIO";"351130";99;0;98;0;23;15;24;26;11;0;0;0;99;20,5;26;31;26,2323232323232;6,66521319962802;0;2;31;43;5;18;81;2;0;15;0;54;45;51;48;99;0;0;0;0;7;92;0;7;92;0;38;38;39;38,2828282828283;1,34042640215719;1;8;2;4;84;99;0;17;82;97;2;0;15;31;7;12;26;1;1;0;0;6;99;0;0;0;0;50;49;81;2;0;15;0;5;87;7;2972,5;3275;3575;3284,16161616162;504,285930940275;6;79;14;1;98;9,68686868686869;0,649119728059794;0;99
2016;"MUNICIPIO";"351140";256;0;186;2;53;58;46;55;32;10;0;0;254;20;26;33;26,7265625;7,17644823807191;1;12;71;127;8;27;179;14;0;38;1;80;172;98;158;254;1;0;0;1;26;202;8;27;202;8;38;39;40;38,57805907173;1,87964780686481;2;38;17;14;162;91;165;121;133;240;7;0;44;35;45;17;56;4;3;1;0;25;254;0;2;0;0;135;121;179;14;0;38;1;21;225;10;2857,5;3212,5;3505;3174,97265625;534,710069171057;19;197;18;2;253;9,61176470588235;0,875215847128228;0;238
2016;"MUNICIPIO";"351150";545;0;529;2;52;97;153;154;69;18;0;0;543;24;28;33;28,2256880733945;6,25282882555093;0;12;101;321;24;85;414;10;1;110;0;207;336;224;321;531;14;0;1;1;56;474;12;58;474;12;38;38;39;38,2830882352941;1,878640437325;0;63;11;30;433;538;7;134;411;521;22;1;65;125;45;58;167;9;8;14;1;51;545;0;0;0;0;265;280;414;10;1;110;0;36;488;21;2910;3190;3485;3185,48990825688;568,682417113453;29;446;49;3;541;9,96875;3,86619402791817;2;542
2016;"MUNICIPIO";"351160";252;0;242;0;39;54;77;55;19;8;0;0;252;22;27;31;26,6984126984127;6,35192331041174;1;8;80;131;5;25;206;3;1;39;1;93;156;91;161;242;10;0;0;2;33;209;8;35;209;8;38;39;40;38,4126984126984;2,13962740648067;2;33;4;7;202;247;5;98;154;237;14;1;46;31;41;17;71;4;5;9;1;27;251;0;0;1;0;132;120;206;3;1;39;1;30;209;13;2877,5;3165;3421,25;3132,80158730159;552,529201259519;21;194;24;3;248;9,60557768924303;0,769291079462279;0;251
2016;"MUNICIPIO";"351170";196;0;196;1;30;41;53;46;20;5;0;0;195;22;26,5;31;26,8367346938776;6,27685022684765;1;13;43;121;5;13;112;11;0;73;0;78;118;74;122;192;4;0;0;1;19;175;1;20;175;1;38;39;39;38,469387755102;1,74652229761158;0;20;12;13;151;191;5;61;135;188;8;0;8;56;16;26;63;3;4;4;0;16;196;0;0;0;0;106;90;112;11;0;73;0;13;169;14;2997,5;3255;3526,25;3224,20918367347;557,698808628813;17;156;19;1;195;9,70918367346939;0,626031331188395;4;192
2016;"MUNICIPIO";"351190";90;0;85;1;21;18;28;12;8;2;0;0;89;20;25,5;29;25,4222222222222;6,60605404628375;0;3;25;45;2;12;43;3;0;44;0;39;49;35;55;90;0;0;0;0;3;85;2;3;85;2;38;39;39;38,6;1,34749038478152;0;15;3;3;69;88;2;22;68;88;2;0;15;19;12;7;32;1;1;0;0;3;90;0;0;0;0;46;44;43;3;0;44;0;2;85;3;2985;3240;3470;3253,83333333333;380,436657752375;2;82;6;0;90;9,15555555555556;0,51736391276085;1;89
2016;"MUNICIPIO";"351200";224;0;221;1;43;49;63;42;20;6;0;0;223;21;26;30;25,9732142857143;6,39641129965966;1;4;46;134;12;27;142;10;1;70;0;54;169;88;136;222;2;0;1;3;31;187;2;35;187;2;37;38;39;37,9866071428571;2,07154523186479;0;24;7;8;183;103;121;30;194;220;4;0;25;49;12;15;84;3;1;2;0;33;224;0;0;0;0;116;108;142;10;1;70;0;17;206;1;2843,75;3112,5;3410;3077,73660714286;522,796213629887;16;193;12;4;220;9,61607142857143;0,958750454673667;3;221
2016;"MUNICIPIO";"351210";93;0;89;0;19;32;22;12;5;3;0;0;93;20;24;29;24,9784946236559;6,28659459662013;0;1;19;60;6;7;41;3;0;47;0;28;63;38;55;89;4;0;2;0;14;69;8;16;69;8;37;39;40;38,3655913978495;2,95173105525112;0;24;5;6;57;74;19;12;81;91;1;0;1;29;6;5;32;0;1;4;0;14;93;0;0;0;0;49;44;41;3;0;47;0;12;76;5;2825;3140;3490;3081,34408602151;591,718269747258;5;72;7;1;92;9,29032258064516;1,20308159722991;0;93
2016;"MUNICIPIO";"351220";397;0;353;4;91;106;90;68;28;9;0;1;392;20;24;30;25,168765743073;6,55082936672562;1;23;131;205;9;25;260;19;0;104;0;215;170;170;227;393;4;0;0;7;43;310;22;50;310;22;38;39;40;38,4659685863874;2,31794188261679;1;61;14;18;290;104;293;158;239;378;14;3;94;51;75;31;72;4;9;3;3;40;396;0;1;0;0;216;181;260;19;0;104;0;34;345;18;2900;3200;3470;3164,24181360202;535,4978679986;28;300;45;4;392;9,38131313131313;1,04266178014565;1;393
2016;"MUNICIPIO";"351230";203;0;200;1;39;44;50;39;23;7;0;0;202;21;27;31,5;26,5467980295567;6,83406776897092;0;10;52;119;4;18;158;6;0;38;0;39;163;76;127;201;2;0;3;1;15;181;3;19;181;3;38;39;40;38,487684729064;2,24349357584653;0;36;5;16;144;200;3;86;117;197;5;1;37;29;45;18;50;4;0;2;1;17;203;0;0;0;0;102;101;158;6;0;38;0;11;180;12;3005;3315;3637,5;3279,04433497537;539,008443333753;9;160;31;2;201;9,68472906403941;0,795478124169539;3;200
2016;"MUNICIPIO";"351240";317;0;313;2;44;83;79;64;37;7;1;0;315;22;26;32;26,9305993690852;6,64289693604462;2;7;69;169;11;58;221;13;0;81;1;70;246;127;190;311;6;0;0;4;28;278;6;32;278;6;38;39;40;38,4810126582278;1,98796863373851;3;42;13;23;234;316;1;122;195;304;11;1;61;47;62;33;70;5;5;6;1;26;317;0;0;0;0;149;167;221;13;0;82;1;26;277;14;2930;3225;3510;3184,35331230284;542,070988943208;18;256;34;2;315;9,54889589905363;0,730207430137103;3;314
2016;"MUNICIPIO";"351250";71;0;66;1;14;14;24;14;3;1;0;0;70;20,5;26;29,5;25,9154929577465;6,23067636519558;0;0;17;41;5;7;39;2;0;30;0;39;32;24;47;69;2;0;0;2;6;62;1;8;62;1;38;38;40;38,3098591549296;2,20124347517991;0;14;3;5;46;70;1;21;50;66;4;0;7;13;7;5;28;1;1;2;0;6;70;0;1;0;0;35;36;39;2;0;30;0;6;63;2;2832,5;3000;3340;3025,49295774648;533,015783021195;4;63;2;1;70;9,08450704225352;1,15568753653077;3;68
2016;"MUNICIPIO";"351260";54;0;52;0;10;16;8;8;11;1;0;0;54;20,25;25,5;32;26,537037037037;7,20511600986296;2;4;20;24;2;1;43;0;0;10;0;5;48;20;34;54;0;0;0;0;5;46;3;5;46;3;38;39;40;38,7407407407407;1,87521254327605;0;14;1;3;34;53;1;22;32;53;0;0;9;9;8;7;15;0;0;0;0;5;53;0;1;0;0;29;25;43;0;0;10;0;3;50;1;3005;3221,5;3438,75;3205,27777777778;476,340785599089;3;44;6;0;53;9,83018867924528;0,508990292207704;0;54
2016;"MUNICIPIO";"351270";47;0;45;0;8;12;13;8;4;1;1;0;47;20,5;27;30,5;26,3829787234043;6,91737947205494;0;1;11;25;1;8;24;0;0;22;0;18;28;21;26;47;0;0;0;1;4;42;0;5;42;0;38;39;39,5;38,2978723404255;1,93272609473298;1;5;1;2;37;46;1;10;37;46;0;0;6;11;4;6;14;0;0;0;0;5;47;0;0;0;0;26;21;24;0;0;22;0;2;44;1;2937,5;3175;3427,5;3125,95744680851;501,836451682037;5;41;1;2;44;9,3695652173913;1,08235741995935;0;46
2016;"MUNICIPIO";"351280";686;0;601;2;84;178;189;135;79;18;1;0;684;22;27;32;26,9897959183673;6,44266442722214;3;16;133;414;30;77;440;34;0;197;0;197;476;271;415;674;12;0;5;14;74;564;29;93;564;29;38;39;40;38,3075801749271;2,44116179804198;8;92;29;34;456;510;176;205;481;654;16;5;168;49;99;38;207;7;8;11;5;83;685;0;1;0;0;351;335;440;34;0;197;0;69;597;20;2830;3182,5;3478,75;3115,80320699708;565,118762058539;54;551;57;3;673;9,76183431952663;3,515185117183;3;677
2016;"MUNICIPIO";"351290";60;0;60;2;9;20;14;9;4;1;1;0;58;21;24;29,25;25,3833333333333;6,72735792364048;0;1;18;38;0;3;34;0;0;26;0;28;32;24;36;59;1;0;1;2;3;53;1;6;53;1;38;39;40;38,3833333333333;2,70649981395489;0;8;0;1;51;60;0;6;54;59;1;0;11;11;1;8;22;0;1;1;0;5;60;0;0;0;0;34;26;34;0;0;26;0;3;55;2;2906,25;3330;3576,25;3202,48333333333;633,596420007506;2;51;6;1;59;9,66666666666667;0,655269815475615;0;60
2016;"MUNICIPIO";"351300";4260;0;4006;13;536;901;1042;1006;583;171;8;0;4247;22;28;33;27,8204225352113;6,75286801295799;3;93;684;2312;257;904;1968;215;23;1973;2;1312;2932;1675;2585;4154;106;3;29;44;345;3798;39;421;3798;39;38;39;40;38,3903240958196;2,17764505220576;60;828;271;244;2707;1462;2798;2260;2000;4035;210;8;683;718;862;452;902;83;102;105;8;337;4227;13;16;4;0;2152;2106;1968;215;23;1973;2;385;3716;159;2875;3190;3490;3149,70492957747;550,919454748343;301;3488;344;46;4202;9,30437853107345;0,868765563738539;56;4199
2016;"MUNICIPIO";"351310";416;0;347;1;58;93;122;81;52;9;0;0;415;23;27;32;27,1274038461538;6,44947884252129;0;17;112;215;11;56;313;21;0;79;0;156;257;192;224;408;8;1;5;5;38;355;11;49;355;11;38;39;40;38,4096385542169;2,68218376932361;4;84;11;12;246;401;15;217;199;397;15;0;87;74;72;34;83;7;6;8;0;40;402;13;1;0;0;215;201;313;21;0;79;0;35;361;20;2932,5;3227,5;3546,25;3184,41586538462;601,443166110428;28;334;42;8;408;9,63461538461539;4,51569192778408;6;407
2016;"MUNICIPIO";"351320";105;0;101;1;6;29;25;30;12;2;0;0;104;23;28;32;27,6571428571429;5,90766869844184;0;5;19;65;1;15;70;7;0;26;0;45;59;37;68;105;0;0;0;1;13;90;1;14;90;1;38;39;40;38,4285714285714;1,88034951158403;0;10;6;9;79;104;1;33;72;100;4;0;13;19;4;24;27;2;2;0;0;13;104;0;1;0;0;50;55;70;7;0;26;0;10;89;6;2795;3145;3440;3114,09523809524;532,549555726065;8;90;7;0;104;9,66346153846154;0,53263545017037;1;104
2016;"MUNICIPIO";"351330";26;0;26;0;2;6;6;6;6;0;0;0;26;24;29;34;28,5;6,26258732474047;0;0;0;16;1;9;20;0;0;6;0;4;22;9;17;26;0;0;0;0;1;25;0;1;25;0;38;38;39;38,4230769230769;1,06482212310139;0;3;2;2;19;26;0;12;14;23;3;0;3;5;6;1;7;1;2;0;0;1;26;0;0;0;0;12;14;20;0;0;6;0;0;25;1;3057,5;3257,5;3496,75;3296,23076923077;338,008557015033;0;25;1;0;26;9,84615384615385;0,36794648440312;0;26
2016;"MUNICIPIO";"351340";946;0;881;2;120;237;227;208;132;19;1;0;944;22;27;32;27,2367864693446;6,43131885812588;2;9;132;603;44;152;712;54;4;164;0;453;488;398;548;929;16;0;0;7;83;828;20;90;828;20;38;39;39;38,3859275053305;1,73183336118025;7;133;76;100;593;196;750;323;623;915;26;1;187;149;148;86;244;11;11;16;1;80;942;1;1;2;0;456;490;712;54;4;164;0;91;821;34;2850;3160;3430;3132,588794926;509,115426503601;77;771;66;5;931;9,61645299145299;5,89092537186012;9;934
2016;"MUNICIPIO";"351350";1681;0;1645;10;243;429;435;349;160;51;4;0;1671;22;26;31;26,7007733491969;6,56009259673715;1;44;402;1025;63;143;635;113;5;926;0;1036;639;644;1037;1646;35;1;4;22;145;1498;9;172;1498;9;38;39;40;38,4931506849315;2,06042094373008;14;247;66;76;1259;1033;648;660;1021;1620;55;6;200;354;229;186;486;21;24;33;6;140;1663;9;4;5;0;839;842;635;113;5;926;0;149;1441;91;2940;3265;3555;3210,91374182034;561,168154755988;101;1370;171;15;1662;9,29039952295766;0,851635879255386;14;1666
2016;"MUNICIPIO";"351360";227;0;206;1;47;60;44;45;27;3;0;0;226;20;25;31;25,7621145374449;6,64030139290326;1;23;66;113;7;17;170;6;0;47;0;107;120;114;113;224;3;0;1;6;22;192;6;29;192;6;38;38;39;38,079295154185;2,17036831345243;0;34;21;22;150;61;166;65;161;213;13;1;24;67;11;14;72;5;8;3;1;22;224;0;2;0;0;121;106;170;6;0;47;0;17;206;3;2848,75;3102,5;3348,75;3061,30530973451;516,880557591525;13;191;17;4;221;9,18222222222222;0,869957123555751;2;211
2016;"MUNICIPIO";"351370";333;0;320;0;41;67;94;76;46;9;0;0;333;23;28;32;27,7057057057057;6,33387316533697;0;11;61;176;17;67;280;15;0;37;0;72;261;145;188;325;8;0;0;1;31;288;12;32;288;12;38;39;39;38,5361445783133;1,80010595950316;0;48;4;17;256;150;183;73;260;314;18;0;37;81;21;31;108;7;10;8;0;28;333;0;0;0;0;174;159;280;15;0;37;0;27;292;14;2855;3200;3520;3174,76876876877;545,643356300326;26;256;37;0;332;9,87650602409639;0,432573787387305;2;331
2016;"MUNICIPIO";"351380";6040;0;5897;29;783;1488;1434;1322;769;195;19;1;6010;22;27;32;27,3061258278146;6,73527750953003;11;78;925;3879;311;824;2689;403;19;2915;2;2540;3455;2530;3510;5912;128;4;54;84;570;5191;129;712;5191;129;38;39;40;38,3134946949602;2,3611914209818;30;951;356;396;4232;2907;3133;2734;3305;5811;210;4;526;1644;582;1024;1351;67;106;128;4;586;6017;6;13;4;0;3083;2951;2689;403;19;2915;2;555;5240;245;2880;3200;3500;3148,24321192053;574,613774506759;387;4911;549;55;5960;9,35694098088113;1,44679776180354;238;5796
2016;"MUNICIPIO";"351385";18;0;13;0;0;5;7;4;1;1;0;0;18;24,25;28;30;28,1111111111111;5,37848534209803;0;0;6;10;1;1;14;1;0;2;0;2;16;4;14;18;0;0;0;1;1;15;1;2;15;1;37,25;38,5;39;38,0555555555556;2,83823106098773;0;0;0;0;14;18;0;5;13;17;1;0;3;1;3;1;7;0;1;0;0;2;18;0;0;0;0;12;6;14;1;0;2;0;1;15;2;2703,75;3385;3810;3300,66666666667;625,999718098038;1;11;5;0;18;9,66666666666667;0,485071250072666;0;18
2016;"MUNICIPIO";"351390";127;0;111;2;14;33;38;28;9;3;0;0;125;22;27;31;26,6456692913386;6,01258938362774;1;1;29;72;4;14;94;1;0;21;0;15;104;60;67;121;6;0;0;2;7;112;6;9;112;6;38;39;40;38,6929133858268;1,9660281894329;1;11;2;8;96;19;108;26;101;117;4;0;21;23;11;5;48;4;0;6;0;3;127;0;0;0;0;68;59;94;1;0;21;0;10;112;5;2947,5;3260;3445;3175,0157480315;528,280183360103;7;102;9;0;118;9,89830508474576;8,29415387822654;1;126
2016;"MUNICIPIO";"351400";97;0;91;0;17;25;19;22;10;4;0;0;97;21;26;32;26,7422680412371;6,75505728836345;0;5;20;63;3;5;32;5;0;58;0;51;44;31;66;94;3;0;1;1;8;85;1;10;85;1;38;38;39;38,0729166666667;2,15819023436751;1;6;14;3;69;97;0;22;75;92;3;0;2;23;10;9;37;0;2;3;0;8;97;0;0;0;0;42;55;32;5;0;58;0;8;86;3;2830;3170;3520;3139,21649484536;555,521718499903;6;76;11;3;93;9,71875;1,09258866917061;1;96
2016;"MUNICIPIO";"351410";354;0;321;1;76;99;64;60;41;13;0;0;353;20;25;31;25,9802259887006;7,05037752026416;1;28;103;182;6;31;232;19;0;90;0;196;152;140;214;344;10;0;2;4;32;306;9;38;306;9;38;39;40;38,4645892351275;2,15045407826456;3;53;11;17;256;119;235;158;196;332;17;1;64;48;82;25;72;7;8;10;1;32;352;0;1;1;0;183;171;232;19;0;90;0;30;310;14;2892,5;3192,5;3491,25;3163,22881355932;536,342741846262;24;281;36;3;347;9,76285714285714;0,767007997958067;2;348
2016;"MUNICIPIO";"351420";16;0;12;1;4;2;4;4;1;0;0;0;15;18,5;28,5;31;25,0625;7,15978351628036;0;0;2;7;0;6;14;0;0;1;0;2;13;5;11;14;2;0;1;0;2;10;2;3;10;2;38;39;39;37,8666666666667;3,87052352801948;0;1;1;2;9;16;0;1;15;14;1;0;3;1;0;3;5;0;0;2;0;1;16;0;0;0;0;4;12;15;0;0;1;0;3;11;2;2685;3240;3516,25;3082,5;714,882274690502;1;8;3;0;16;9,75;0,447213595499958;0;15
2016;"MUNICIPIO";"351430";102;0;90;1;16;19;36;21;6;3;0;0;101;22;26;31;26,3823529411765;6,29638292777759;0;2;20;54;5;15;74;7;0;18;0;35;64;53;49;96;6;2;0;0;12;85;2;14;85;2;37;38;39;37,7524752475247;2,9100032322802;0;13;4;4;79;52;50;8;94;92;8;0;5;35;1;7;31;5;1;6;0;8;102;0;0;0;0;50;52;74;7;0;18;0;11;89;2;2841,25;3110;3364,5;3048,43137254902;590,36936767853;7;81;6;2;99;9,7029702970297;0,900494913427561;0;102
2016;"MUNICIPIO";"351440";517;0;479;2;62;105;126;134;70;18;0;0;515;23;28;33;27,9052224371373;6,51509218366603;0;7;65;286;24;134;424;5;1;74;0;88;420;233;284;501;16;1;0;2;64;440;10;67;440;10;38;39;39;38,2030947775629;1,92679748373444;2;63;23;34;380;138;379;43;474;491;26;0;77;116;24;41;168;13;9;16;0;53;515;0;2;0;0;245;271;424;5;1;74;0;47;450;20;2920;3215;3480;3170,51837524178;502,123218832169;32;416;48;4;512;9,78682170542636;0,78152252152095;9;508
2016;"MUNICIPIO";"351450";122;0;118;0;23;27;32;29;8;3;0;0;122;21;26;31;26,0081967213115;6,66865853366829;0;4;23;72;6;14;76;3;1;40;1;43;78;56;66;118;4;0;4;2;10;105;1;16;105;1;37;38;39;37,7950819672131;2,90038049538664;0;21;7;9;84;73;49;37;85;112;5;3;15;30;17;13;26;1;4;4;3;7;121;1;0;0;0;68;54;76;3;1;40;1;11;107;4;2901,25;3220;3571,25;3137,27049180328;716,837268863137;4;99;15;2;119;9,69421487603306;0,814892377419779;1;121
2016;"MUNICIPIO";"351460";103;0;93;0;18;27;20;22;14;2;0;0;103;21;25;32;26,4563106796117;6,80797787349969;0;5;33;49;3;12;59;2;0;41;0;48;54;40;63;101;2;0;2;0;7;91;1;9;91;1;38;39;40;38,4455445544554;2,49589762420157;0;13;2;8;72;102;1;33;69;96;6;0;10;27;12;14;25;0;5;2;0;6;102;1;0;0;0;59;44;59;2;0;41;0;8;92;3;2995;3260;3507,5;3198;553,055735942431;3;90;6;2;100;9,31372549019608;1,19388202940487;1;101
2016;"MUNICIPIO";"351470";88;0;86;2;15;17;19;20;14;1;0;0;86;21,75;27;33,25;26,9318181818182;6,74800175538656;0;4;26;39;3;16;58;1;0;29;0;17;71;34;54;86;2;0;0;1;11;73;3;12;73;3;37;38;39;38,1818181818182;1,99738596150215;2;12;4;4;64;87;1;32;56;86;2;0;4;24;7;18;19;0;2;2;0;12;87;1;0;0;0;48;40;58;1;0;29;0;9;76;3;2920,5;3145;3415;3145,625;505,075283167437;6;70;9;3;85;9,125;0,956676478783435;2;86
2016;"MUNICIPIO";"351480";213;0;203;2;50;46;52;40;15;7;1;0;211;20;25;30;25,7464788732394;6,92558486705136;0;14;38;140;5;11;78;19;0;111;3;60;151;79;134;211;2;0;0;2;16;183;11;18;183;11;38;39;40;39,0471698113208;1,97079181754164;1;50;9;12;137;203;10;161;52;207;5;1;20;50;39;47;32;1;2;2;1;18;208;0;3;2;0;119;94;78;19;0;111;3;11;182;20;3030;3330;3680;3336,80751173709;511,727462417608;13;162;33;1;210;10,0805687203791;6,18894187884963;0;213
2016;"MUNICIPIO";"351490";200;0;199;2;21;47;54;50;20;5;1;0;198;23;27;33;27,4;6,44419414597006;0;9;55;115;5;16;111;14;0;75;0;57;143;70;130;192;8;0;1;3;29;161;6;33;161;6;37;39;39;38,14;2,41652601681624;0;38;7;11;143;200;0;62;138;196;4;0;25;34;29;15;60;0;4;8;0;25;200;0;0;0;0;105;95;111;14;0;75;0;20;170;10;2850;3187,5;3552,5;3156,47;548,151612284641;9;163;19;0;200;9,58;0,561405271971136;3;197
2016;"MUNICIPIO";"351492";38;0;36;0;3;11;9;7;8;0;0;0;38;23;26;33,75;27,6315789473684;6,67962230940504;0;1;6;26;0;4;33;1;0;4;0;7;30;14;24;38;0;0;0;0;7;31;0;7;31;0;37;38;39;37,7631578947368;1,96502129176713;0;7;1;4;26;38;0;3;35;36;2;0;1;10;1;6;12;1;1;0;0;6;38;0;0;0;0;22;16;33;1;0;4;0;5;33;0;2783,75;3057,5;3307,5;3037,63157894737;540,163559867056;3;32;3;1;37;9,68421052631579;0,774780288224563;0;38
2016;"MUNICIPIO";"351495";23;0;22;0;3;8;4;7;1;0;0;0;23;21,5;25;31;26;5,64076074817766;0;2;5;11;1;4;20;1;0;2;0;5;18;7;16;20;3;0;3;0;3;17;0;6;17;0;36,5;38;39;36,5217391304348;4,36795734679257;0;1;3;2;16;23;0;5;18;21;2;0;0;3;1;3;9;0;1;3;0;3;23;0;0;0;0;12;11;20;1;0;2;0;6;16;1;2595;3300;3555;2914,95652173913;942,799288302508;1;18;1;0;23;9,47826086956522;0,730477130336511;2;21
2016;"MUNICIPIO";"351500";4240;0;4069;21;640;1078;1058;824;492;117;10;0;4219;21;26;32;26,7577830188679;6,68109272782782;1;95;826;2592;221;498;1571;289;9;2349;1;1757;2470;1612;2628;4148;92;0;27;56;375;3738;43;458;3738;43;38;39;40;38,4371313989148;2,23780822105399;27;683;379;305;2723;3702;538;2550;1690;4081;148;7;425;954;622;763;873;52;67;92;7;380;4215;13;10;2;0;2199;2041;1571;289;9;2349;1;394;3638;208;2875;3205;3530;3168,24905660377;571,544009338779;281;3471;385;41;4189;9,46713947990544;2,11632242737843;34;4197
2016;"MUNICIPIO";"351510";972;0;874;7;166;242;234;196;92;32;3;0;965;21;26;31;26,4670781893004;6,79522053683621;2;16;168;618;57;99;441;72;3;446;0;622;345;355;617;959;13;0;4;16;87;830;24;107;830;24;38;39;40;38,5359001040583;2,23397334884366;5;133;71;82;611;930;42;629;343;938;29;3;142;156;230;141;155;12;14;13;3;93;929;35;5;3;0;475;497;441;72;3;446;0;92;842;37;2860;3210;3517,5;3148,01132852729;576,289792217249;72;786;79;12;957;9,41795665634675;3,02191163879172;12;942
2016;"MUNICIPIO";"351512";21;0;19;0;1;7;6;4;2;1;0;0;21;23;26;31;27;6,43428317685817;0;0;2;12;1;6;13;0;0;7;0;5;16;6;15;19;2;0;0;0;4;17;0;4;17;0;38;39;40;38,2380952380952;2,25620836592638;0;5;1;0;14;21;0;6;15;20;1;0;1;2;2;2;9;0;1;2;0;2;21;0;0;0;0;14;7;13;0;0;7;0;3;18;0;2975;3370;3620;3207,33333333333;590,705369311413;0;18;1;0;21;9,61904761904762;0,589592272353571;0;21
2016;"MUNICIPIO";"351515";254;0;247;4;45;66;61;56;15;6;1;0;250;20;26;31;25,8385826771654;6,50581433163008;2;12;46;151;10;33;150;10;0;94;0;59;194;111;143;246;8;0;2;4;21;219;7;27;219;7;38;39;40;38,4901185770751;2,23360454682515;3;37;12;26;171;250;4;113;141;244;9;1;72;22;60;21;39;4;4;8;1;22;251;3;0;0;0;138;116;150;10;0;94;0;21;224;9;2911,25;3212,5;3468,75;3160,84645669291;575,021027324102;12;210;23;3;251;9,52362204724409;0,752750602281604;1;253
2016;"MUNICIPIO";"351518";422;0;391;0;60;97;117;77;60;10;0;1;421;22;27;32;27,2748815165877;7,43748510353219;0;36;99;214;17;54;360;18;0;39;0;198;216;166;256;412;10;0;3;6;69;331;10;78;331;10;37;38;39;37,8758949880668;2,36174988819745;2;52;20;20;304;39;383;58;363;408;12;0;42;97;32;29;134;5;5;10;0;65;420;2;0;0;0;230;192;360;18;0;39;0;51;366;5;2765;3105;3423,75;3089,42417061611;721,812286139215;36;344;29;2;418;9,28809523809524;0,865874475117409;10;410
2016;"MUNICIPIO";"351519";53;0;47;0;9;19;10;10;5;0;0;0;53;20;24;30;25,2830188679245;6,045905666363;0;1;14;37;0;0;40;0;0;11;0;9;44;18;35;52;1;0;0;1;5;46;1;6;46;1;38;39;39;38,3018867924528;2,24965728723611;0;5;0;1;44;53;0;23;30;50;3;0;10;3;8;4;18;1;2;1;0;6;53;0;0;0;0;32;21;40;0;0;11;0;5;46;2;3055;3260;3560;3224,1320754717;533,111585870951;3;45;3;0;53;9,73584905660377;0,559908763042502;0;53
2016;"MUNICIPIO";"351520";79;0;71;0;8;27;17;16;9;2;0;0;79;21,5;26;31;26,6329113924051;6,35927994470482;0;1;16;42;2;18;60;1;0;12;0;14;64;24;55;77;2;0;0;0;5;71;3;5;71;3;38;39;39;38,5822784810127;1,64556587521108;0;18;2;3;55;28;51;27;52;76;3;0;12;10;12;9;27;0;2;2;0;5;79;0;0;0;0;39;40;60;1;0;12;0;5;72;2;2960;3230;3494;3199,41772151899;472,272699569692;2;70;4;0;79;9,70886075949367;0,64354584109781;2;77
2016;"MUNICIPIO";"351530";33;0;31;0;4;3;12;10;3;1;0;0;33;25;27;31;27,7272727272727;6,0584276387975;0;0;7;23;0;3;24;0;0;9;0;10;23;10;23;31;2;0;0;0;6;27;0;6;27;0;37;38;39;38;1,58113883008419;0;6;0;1;24;33;0;5;28;31;2;0;3;6;3;5;9;1;1;2;0;3;33;0;0;0;0;17;16;24;0;0;9;0;6;25;2;2735;3075;3525;3047,81818181818;611,836704856035;6;21;4;0;33;9,72727272727273;0,516764409131912;0;33
2016;"MUNICIPIO";"351535";105;0;100;1;20;36;17;19;8;4;0;0;104;20;24;30;25,4095238095238;6,70633345613745;0;2;18;63;9;12;49;6;0;50;0;33;72;46;59;105;0;0;0;2;10;92;1;12;92;1;38;39;39;38,2571428571429;2,00493895662193;0;16;4;7;75;105;0;36;69;102;3;0;22;19;11;14;24;0;3;0;0;12;105;0;0;0;0;56;49;49;6;0;50;0;7;90;8;3045;3210;3575;3275,80952380952;556,612403038342;3;86;16;0;104;9,47115384615385;0,667653924207246;1;104
2016;"MUNICIPIO";"351540";200;0;193;1;25;47;49;50;26;2;0;0;199;22;27,5;33;27,35;6,29728345355935;1;4;45;107;7;36;155;11;0;32;0;38;162;82;118;196;4;0;2;1;28;162;7;31;162;7;38;39;40;38,195;2,49964319061781;2;21;5;2;166;53;147;110;90;192;5;3;37;28;36;21;42;1;3;3;3;26;200;0;0;0;0;110;90;155;11;0;32;0;16;169;15;2991,25;3275;3660;3265,58;579,068905733972;7;150;36;2;198;9,49;6,39251289443577;2;197
2016;"MUNICIPIO";"351550";713;0;707;2;82;159;183;178;98;9;2;0;711;22;28;32;27,5063113604488;6,36817729188628;0;10;101;368;44;190;543;17;0;152;0;122;589;320;393;684;29;0;4;7;59;641;2;70;641;2;38;38;39;38,2215988779804;1,93031237548875;3;61;30;22;594;176;537;106;607;677;36;0;99;166;50;62;239;19;9;29;0;40;711;0;2;0;0;360;353;543;17;0;152;0;50;633;30;2960;3250;3540;3211,95652173913;526,076389404627;26;590;68;5;707;9,61657303370787;0,727522468807111;4;708
2016;"MUNICIPIO";"351560";53;0;51;1;12;9;12;13;5;1;0;0;52;21;26;32;26,1132075471698;6,81813299890162;0;1;11;32;1;6;40;1;0;11;0;14;38;25;28;51;2;0;0;2;7;42;1;9;42;1;38;39;39;37,9615384615385;2,55113614414101;0;4;6;1;41;52;1;7;45;51;1;0;5;13;2;3;19;1;0;2;0;7;52;0;0;0;0;27;26;40;1;0;11;0;6;45;1;2981,25;3205;3471,25;3105,57692307692;624,247510808919;2;44;4;2;50;9,26923076923077;1,45676763613878;0;53
2016;"MUNICIPIO";"351565";20;0;19;0;3;5;9;0;1;2;0;0;20;22;25,5;27,25;25,85;6,40127454414148;0;1;4;12;0;3;13;0;0;7;0;5;15;10;10;18;2;0;0;0;2;18;0;2;18;0;38;38;39;38,05;1,31689427302111;0;3;1;0;15;20;0;4;16;18;2;0;2;7;2;3;3;1;0;2;0;0;19;1;0;0;0;12;8;13;0;0;7;0;1;19;0;2849,5;3159,5;3420;3141,7;425,487101666091;1;17;0;0;20;9,25;0,638666373658505;3;17
2016;"MUNICIPIO";"351570";2971;0;2544;10;432;745;782;616;290;94;2;0;2961;22;26;31;26,7048131942107;6,44286260204755;5;24;500;1978;146;299;1229;167;10;1517;1;1141;1807;1168;1803;2911;60;0;11;33;278;2571;67;322;2571;67;38;39;40;38,5070945945946;2,13911661116105;19;518;282;269;1593;1510;1461;1660;1311;2880;85;1;363;620;461;524;590;26;41;60;1;271;2956;5;8;2;0;1529;1442;1229;167;10;1517;1;270;2582;119;2875,5;3205;3500;3158,4217435207;554,320297396897;222;2410;247;28;2923;9,32294137580481;0,901831821079291;28;2852
2016;"MUNICIPIO";"351580";20;0;20;0;1;12;5;0;1;1;0;0;20;21,5;23,5;26;24,75;5,8478516073044;0;0;3;14;1;2;16;0;0;4;0;9;11;10;10;18;2;0;0;0;4;15;1;4;15;1;37,75;38;39;38;2,02614490051791;0;2;1;3;14;20;0;1;19;20;0;0;6;1;1;0;6;0;0;2;0;4;20;0;0;0;0;13;7;16;0;0;4;0;2;18;0;2722,5;3155;3375;3093,25;460,73246889571;1;16;1;0;20;9,85;0,489360484929593;0;20
2016;"MUNICIPIO";"351590";18;0;18;0;3;5;5;2;3;0;0;0;18;22,25;25,5;32;26,3333333333333;6,75626071311117;0;0;3;10;2;3;14;1;0;3;0;4;14;7;11;18;0;0;0;1;2;15;0;3;15;0;37;38;39;37,8888888888889;2,2199334618775;0;3;0;2;13;18;0;0;18;17;1;0;0;6;0;2;7;0;1;0;0;2;17;1;0;0;0;9;9;14;1;0;3;0;1;17;0;2831,25;3110;3345;3085,55555555556;360,285380713061;2;15;1;0;18;9,72222222222222;0,460888598962477;0;18
2016;"MUNICIPIO";"351600";102;0;100;0;16;30;28;18;8;2;0;0;102;21;25,5;30;26,0294117647059;6,18438769286837;0;1;29;54;4;14;72;0;0;30;0;46;56;36;66;100;2;0;0;2;13;85;2;15;85;2;37,25;38;39;38,1274509803922;2,11394038071485;0;11;3;4;82;41;61;13;89;98;4;0;26;6;13;2;38;1;3;2;0;11;102;0;0;0;0;53;49;72;0;0;30;0;11;87;4;2948,75;3200;3510;3180,78431372549;556,021504453623;8;78;14;1;101;9,52941176470588;1,17486786577829;2;100
2016;"MUNICIPIO";"351610";34;0;34;0;11;6;8;6;2;1;0;0;34;18,25;24;29,75;24,7058823529412;7,13306178369304;0;0;6;22;1;5;21;1;0;12;0;8;26;14;20;34;0;0;0;0;7;26;1;7;26;1;38;39;39,75;38,5294117647059;1,79621308916163;0;8;3;0;23;34;0;18;16;33;1;0;5;6;6;3;7;0;1;0;0;6;34;0;0;0;0;17;17;21;1;0;12;0;2;32;0;2857,5;3232,5;3546,25;3175,70588235294;505,008222520024;1;29;4;0;34;9,79411764705882;0,478597177663036;0;34
2016;"MUNICIPIO";"351620";4954;0;4768;17;611;1108;1323;1067;662;155;10;1;4936;22;27;33;27,504440855874;6,57136201777528;4;89;862;2906;190;874;3769;303;1;829;0;2374;2555;2037;2917;4842;107;3;38;35;511;4346;10;587;4346;10;38;39;39;38,190977139389;2,08905908564061;24;556;375;495;3415;51;4903;1537;3413;4685;222;7;371;1329;337;881;1222;91;110;106;7;451;4943;1;9;1;0;2576;2374;3769;303;1;829;0;539;4284;131;2830;3140;3435;3093,43116673395;546,568177881271;365;4164;295;47;4892;9,60093136262401;0,784421490574317;65;4876
2016;"MUNICIPIO";"351630";2922;0;2662;19;549;777;706;521;270;72;7;1;2902;20;25;31;25,92128678987;6,69018749233009;2;61;474;2114;89;149;575;85;2;2227;1;1939;967;1129;1793;2860;62;1;11;33;271;2522;74;316;2522;74;38;39;40;38,5209478021978;2,16184093529035;15;505;173;173;1884;1017;1905;1656;1266;2790;121;4;292;673;404;519;591;42;58;61;4;261;2903;3;14;2;0;1471;1451;575;85;2;2227;1;272;2515;135;2860;3190;3500;3159,37850787132;548,292833824073;221;2350;259;32;2879;9,64720027481965;4,1567514196823;21;2890
2016;"MUNICIPIO";"351640";2239;0;2126;11;363;584;534;416;257;70;4;0;2228;21;26;31;26,6123269316659;6,71930181489588;1;43;315;1581;82;206;999;117;6;1096;0;1371;858;864;1375;2194;45;3;9;20;243;1909;47;275;1909;47;38;39;40;38,3603765127745;2,22523816266846;21;453;171;162;1362;2072;167;1117;1122;2152;75;9;271;456;337;337;475;20;46;43;9;235;2228;3;4;4;0;1177;1061;999;117;6;1096;0;220;1944;75;2855;3185;3480;3136,13890129522;550,937533783307;169;1823;176;25;2202;9,4553210597216;0,916628957512939;24;2211
2016;"MUNICIPIO";"351650";28;0;27;0;1;3;11;7;6;0;0;0;28;26;29;33;29,3928571428571;4,84836196633603;0;1;2;9;3;12;21;0;0;7;0;13;15;10;18;26;2;0;0;1;3;24;0;4;24;0;38;38;38,25;37,7857142857143;2,07912272912191;0;2;0;1;25;28;0;5;23;28;0;0;2;8;2;1;11;0;0;2;0;2;27;0;0;1;0;13;15;21;0;0;7;0;4;24;0;2815;3057,5;3290;3017,5;527,856426888418;1;23;2;0;28;9,28571428571429;0,658682346706236;0;28
2016;"MUNICIPIO";"351660";65;0;63;0;15;12;16;13;7;2;0;0;65;21;26;31;26,1384615384615;6,97512751468773;0;2;10;40;4;9;45;4;0;16;0;18;47;31;34;63;2;0;0;1;7;54;3;8;54;3;37;39;40;38,4;2,3170563221467;1;13;4;3;42;65;0;20;45;65;0;0;5;23;7;6;14;0;0;2;0;8;65;0;0;0;0;35;30;45;4;0;16;0;8;57;0;2798;3184;3440;3103,81538461538;519,546764386629;6;52;4;3;62;9;1,11803398874989;2;63
2016;"MUNICIPIO";"351670";509;0;499;1;88;115;113;113;64;11;4;0;508;21;27;32;26,992141453831;6,79855944760569;1;14;73;293;37;90;283;24;3;195;0;214;293;222;287;501;8;0;1;4;42;460;2;47;460;2;38;38;39;38,3379174852652;1,75119654961476;2;50;18;24;410;130;379;156;353;483;25;0;89;99;65;49;135;14;9;8;0;40;506;2;1;0;0;238;271;283;24;3;195;0;36;445;28;2950;3230;3510;3203,5815324165;562,409807058518;32;407;61;15;492;8,96449704142012;1,00724740038588;7;501
2016;"MUNICIPIO";"351680";49;0;48;1;4;13;10;13;6;2;0;0;48;24;28;33;27,7551020408163;6,49849537792178;0;0;12;26;0;11;30;4;0;15;0;15;34;18;31;49;0;0;0;0;1;45;3;1;45;3;37;39;39;38,5510204081633;1,52836002098377;1;11;2;5;29;49;0;6;43;44;5;0;4;12;3;4;20;1;4;0;0;1;49;0;0;0;0;25;24;30;4;0;15;0;2;45;2;3080;3220;3510;3283,87755102041;427,01954642289;2;41;6;0;49;9,85714285714286;0,353553390593274;0;49
2016;"MUNICIPIO";"351685";55;0;46;1;5;16;16;7;9;1;0;0;54;23;26;30,5;27,0545454545455;6,44756107152493;0;1;13;31;1;2;28;4;0;14;0;13;35;26;29;55;0;0;1;3;0;50;1;4;50;1;38;38;40;38,2363636363636;2,94369153705341;0;5;2;2;39;55;0;23;32;47;1;0;6;11;7;5;14;0;1;0;0;4;55;0;0;0;0;28;27;28;4;0;14;0;7;45;3;2932,5;3200;3405;3121,54545454545;642,706857266285;5;44;5;1;47;9,5;1,54368996997592;0;55
2016;"MUNICIPIO";"351690";113;0;103;2;16;25;39;18;10;3;0;0;111;23;26;30;26,3893805309735;6,1447329773418;0;4;22;53;7;26;71;5;1;33;0;41;70;56;57;109;4;0;2;1;12;92;6;15;92;6;37;38;39;38,0796460176991;2,82571606891938;0;14;3;6;84;111;2;14;99;108;4;0;17;31;9;5;32;3;0;4;0;11;112;0;1;0;0;54;58;71;5;1;33;0;15;95;3;2860;3130;3445;3058,08849557522;686,0451301992;9;91;6;1;111;9,65178571428571;0,955871579340277;2;111
2016;"MUNICIPIO";"351700";104;0;101;0;20;32;22;21;8;1;0;0;104;21;24,5;31;25,4519230769231;6,35041441609611;0;2;25;68;1;7;54;3;0;46;0;66;37;46;58;104;0;0;3;3;6;90;2;12;90;2;38;39;39;38,0480769230769;3,14188678608088;0;16;5;6;74;102;2;38;66;101;2;0;16;24;14;7;28;1;1;0;0;12;102;0;2;0;0;49;55;54;3;0;46;0;10;88;6;2805;3127,5;3496,25;3180,85576923077;892,313915966005;8;79;16;0;103;9,78640776699029;0,456982546474392;3;101
2016;"MUNICIPIO";"351710";37;0;34;0;7;11;9;5;4;1;0;0;37;20;25;32;25,5675675675676;6,73523298508399;0;0;9;25;1;2;18;1;0;15;1;20;17;17;20;35;2;0;0;0;6;31;0;6;31;0;37;38;39;38,0540540540541;1,80963387865468;0;3;1;1;31;37;0;4;33;35;2;0;4;9;2;5;9;1;1;2;0;4;37;0;0;0;0;21;16;18;1;0;15;1;3;34;0;2685;3050;3340;2996,21621621622;504,600234241321;4;28;3;1;36;9,05405405405405;0,998497369549363;0;37
2016;"MUNICIPIO";"351720";160;0;155;2;22;51;33;36;13;3;0;0;158;21;25,5;31;26,025;6,50877491878435;0;4;51;88;3;12;89;4;0;65;0;91;68;48;112;160;0;0;1;3;16;132;8;20;132;8;38;39;40;38,55625;2,46675218702675;1;33;19;21;83;159;1;62;98;157;2;0;11;26;28;14;58;1;1;0;0;20;159;0;1;0;0;82;78;89;4;0;65;0;11;139;10;2906,25;3240;3592,5;3232,625;575,763357114906;10;127;20;1;158;9,78616352201258;0,774308837365918;2;158
2016;"MUNICIPIO";"351730";80;0;78;0;19;25;19;12;5;0;0;0;80;20;23,5;29;24,5;5,71916608951809;0;0;26;49;1;3;46;5;0;28;0;25;54;29;51;78;2;1;4;2;7;66;0;14;66;0;37;38;39;37,075;4,14843267643168;0;22;6;3;47;79;1;30;50;74;5;0;2;18;6;10;24;1;2;2;0;14;79;0;1;0;0;40;40;46;5;0;28;0;11;69;0;2770;3076;3338,5;2911,1125;716,082750924002;6;64;7;5;74;8,9620253164557;1,58067689147665;1;79
2016;"MUNICIPIO";"351740";441;0;430;2;64;137;101;92;38;7;0;0;439;21;25;31;26,0680272108844;6,26715086485831;0;10;94;243;16;76;281;36;2;118;0;117;321;187;254;430;11;0;0;2;40;398;1;42;398;1;37;38;39;37,8344671201814;1,4638958760268;2;56;5;7;363;49;392;40;401;374;56;8;10;128;9;45;146;22;32;9;8;29;440;0;1;0;0;220;221;281;36;2;118;0;50;387;4;2804;3102;3336;3033,69387755102;481,513201163009;37;372;21;6;433;9,77676537585421;0,844162072497444;4;436
2016;"MUNICIPIO";"351750";256;0;254;1;32;65;74;51;28;5;0;0;255;22;27;31;26,7734375;6,22293650341141;1;6;70;136;12;31;195;16;0;43;0;148;108;108;148;254;2;0;1;2;20;233;0;23;233;0;38;38;39;38,1484375;1,71081837428873;0;25;11;18;202;256;0;39;217;239;17;0;22;68;12;31;86;7;8;2;0;20;256;0;0;0;0;136;120;195;16;0;43;0;18;229;9;2945;3262;3456,25;3200,703125;495,4104791909;8;224;22;2;254;9,62109375;0,709172657286741;2;254
2016;"MUNICIPIO";"351760";222;0;217;7;43;62;49;36;21;4;0;0;215;20;24;30;25,0540540540541;6,69211440839018;0;11;61;142;3;5;158;1;0;62;0;38;183;91;131;220;2;0;1;2;17;192;10;20;192;10;38;39;40;38,6576576576577;1,98863511025236;2;36;6;4;171;51;171;87;135;220;2;0;53;30;41;24;53;0;2;2;0;17;222;0;0;0;0;104;118;158;1;0;62;0;16;197;9;2962,5;3265;3565;3226,30630630631;543,063162127204;21;172;25;3;219;9,41441441441441;0,823506117294309;0;222
2016;"MUNICIPIO";"351770";188;0;149;6;32;43;43;39;25;0;0;0;182;21;26;32;26,1276595744681;6,67701627710867;1;12;55;94;5;14;85;29;0;60;0;53;125;67;121;181;7;0;0;2;19;164;3;21;164;3;38;39;39;38,2606382978723;1,9072458562473;0;54;8;10;101;79;109;23;165;176;11;1;21;35;21;16;64;1;7;7;1;15;188;0;0;0;0;96;92;85;29;0;60;0;17;166;5;2898,75;3155;3466,25;3139,17553191489;518,391677779095;14;150;16;0;185;9,48648648648649;0,635097631215145;1;187
2016;"MUNICIPIO";"351780";82;0;17;1;20;22;15;16;6;2;0;0;81;19,25;23;30;24,9634146341463;6,85195317193576;0;4;12;56;2;8;61;1;0;20;0;30;52;41;41;78;4;0;1;2;4;66;2;7;66;2;38;39;39,5;38,3066666666667;2,50390685720327;0;5;2;4;70;82;0;14;68;69;1;0;25;3;6;2;19;1;0;4;0;5;82;0;0;0;0;48;34;61;1;0;20;0;6;72;4;3000;3255;3550;3219,26829268293;565,485458410375;4;59;7;2;80;9,39024390243902;0,926377486999307;0;21
2016;"MUNICIPIO";"351790";95;0;94;1;15;25;28;20;4;2;0;0;94;21;26;30;25,7263157894737;5,85905755485735;0;2;10;68;2;13;68;2;0;25;0;20;74;39;56;90;5;0;0;1;14;79;1;15;79;1;38;38;39;38,0736842105263;1,88070892735396;1;8;5;8;73;94;1;15;80;94;1;0;5;24;5;15;31;0;0;5;0;10;93;1;0;1;0;49;46;68;2;0;25;0;16;76;3;2685;3100;3365;3024,28421052632;522,870303742022;10;75;4;1;94;9,4421052631579;0,919247952030588;0;95
2016;"MUNICIPIO";"351800";17;0;17;0;3;3;4;3;2;2;0;0;17;23;29;34;28,4705882352941;8,1326321619973;0;0;5;10;0;2;11;1;0;5;0;3;14;8;9;17;0;0;0;0;3;14;0;3;14;0;37;38;39;37,8235294117647;1,28623938856882;0;2;0;2;13;17;0;4;13;17;0;0;2;4;0;2;6;0;0;0;0;3;17;0;0;0;0;10;7;11;1;0;5;0;0;17;0;2715;3020;3270;3023,82352941176;298,341925333609;0;17;0;0;17;9,47058823529412;0,717430053979439;0;17
2016;"MUNICIPIO";"351810";77;0;71;1;22;23;12;9;7;3;0;0;76;19;23;29;24,4415584415584;7,25202967322998;0;3;22;43;3;6;59;3;1;14;0;20;57;34;43;74;3;0;0;2;13;60;2;15;60;2;38;39;39;37,961038961039;2,36443805742706;1;19;2;5;48;77;0;33;44;71;3;0;6;16;4;15;15;1;1;3;0;13;76;1;0;0;0;43;34;59;3;1;14;0;10;65;2;2908;3190;3390;3077,61038961039;593,426538615136;5;62;7;0;77;9,27272727272727;0,805186536680585;0;76
2016;"MUNICIPIO";"351820";377;0;360;2;53;101;92;88;32;9;0;0;375;22;26;31;26,4986737400531;6,37111361238272;0;3;61;231;21;59;281;14;2;79;0;56;318;160;217;375;2;0;0;4;38;326;9;42;326;9;38;38;39;38,1962864721485;1,85187857543117;1;34;4;7;328;121;256;124;253;360;15;0;68;68;43;40;101;7;8;2;0;38;377;0;0;0;0;191;186;281;14;2;79;0;30;333;14;2915;3200;3490;3176,42705570292;512,849336685135;20;321;33;2;374;9,43882978723404;0,724049878772419;2;369
2016;"MUNICIPIO";"351830";415;0;393;3;62;107;107;83;42;11;0;0;412;21;26;31;26,4096385542169;6,43967950221621;0;12;76;263;18;45;265;22;2;121;0;174;234;182;233;409;6;1;2;4;48;342;17;55;342;17;37;38;39;38,1256038647343;2,23415518537404;1;52;8;11;338;71;344;74;341;405;9;0;58;106;25;38;122;3;6;6;0;49;413;0;2;0;0;213;202;265;22;2;121;0;36;367;12;2872,5;3130;3417,5;3123,68674698795;471,203001672619;26;340;34;2;412;9,54347826086956;0,779143055839755;7;406
2016;"MUNICIPIO";"351840";1386;0;1306;5;176;302;364;333;162;41;3;0;1381;22;27;32;27,3997113997114;6,53800662301365;0;19;220;806;71;261;964;43;0;364;0;670;705;573;813;1355;31;0;12;13;119;1216;14;144;1216;14;38;39;39;38,2496360989811;2,18772561097299;2;234;87;85;947;294;1092;314;1072;1324;47;7;205;271;93;108;500;18;22;28;7;114;1385;1;0;0;0;690;696;964;43;0;364;0;121;1222;43;2890;3180;3460;3133,36796536797;580,465710164703;96;1143;103;17;1347;9,36510263929619;0,832298695972814;9;1375
2016;"MUNICIPIO";"351850";157;0;144;1;42;40;35;21;15;3;0;0;156;19;24;29;24,9426751592357;6,76647281352033;0;11;49;82;5;8;99;4;0;52;0;65;91;55;102;151;6;0;0;1;10;145;1;11;145;1;38;39;39;38,5541401273885;1,67330053264383;0;16;2;3;125;156;1;72;85;150;6;0;16;31;20;24;45;3;3;6;0;8;155;0;1;1;0;85;72;99;4;0;52;0;10;142;5;2945;3180;3480;3159,38853503185;540,963452598416;10;128;12;3;153;9,7948717948718;7,25455847678788;4;153
2016;"MUNICIPIO";"351860";498;0;463;1;65;151;143;83;42;13;0;0;497;21;25;30;26,144578313253;6,14374923404238;0;16;119;297;13;45;213;12;0;270;0;261;231;182;316;489;9;0;1;6;60;420;11;67;420;11;38;38;39;38,1947791164659;2,06050648464039;0;72;37;53;318;183;315;218;280;479;18;0;37;116;38;91;136;8;6;9;0;56;498;0;0;0;0;263;235;213;12;0;270;0;45;436;17;2895;3192,5;3440;3146,98393574297;516,931831923812;39;407;41;8;489;9,23943661971831;1,04003241483053;6;491
2016;"MUNICIPIO";"351870";4444;0;4173;27;641;1166;1034;933;504;128;9;2;4415;21;26;32;26,7999549954996;6,66377092170164;6;102;1084;2679;176;386;1611;148;16;2641;3;2922;1499;1624;2820;4352;84;1;16;56;514;3766;78;587;3766;78;38;39;40;38,3403294967276;2,16376809106337;29;672;302;262;3092;1116;3328;2077;2357;4314;108;5;587;784;692;592;1066;36;62;82;5;509;4424;4;11;5;0;2302;2142;1611;148;16;2641;3;397;3804;243;2915;3250;3565;3200,58820882088;568,268551890547;285;3518;506;36;4361;9,55446895610644;0,824196838626401;50;4310
2016;"MUNICIPIO";"351880";20969;0;20432;97;2799;4813;5207;4776;2551;693;31;2;20870;22;27;32;27,3120797367543;6,63761864068193;18;392;3112;12872;1105;3451;9604;1510;138;9630;21;9134;11790;8339;12630;20447;522;4;103;198;1797;18682;165;2102;18682;165;38;39;39;38,3603990643945;1,98592751852439;76;3182;2055;1890;13401;4172;16797;9494;11475;19987;896;63;1050;6114;1415;4474;4912;309;454;514;63;1623;20844;33;74;18;0;10812;10153;9604;1510;138;9630;21;2015;18112;840;2862,5;3180;3485;3140,55601659751;559,909941687638;1443;17215;1707;210;20732;9,60576831248209;4,62536211036663;230;20730
2016;"MUNICIPIO";"351885";88;0;77;2;19;24;15;16;8;4;0;0;86;20;24;32;25,6818181818182;7,30067774297647;0;6;21;51;2;8;62;5;0;20;0;39;49;30;58;86;2;0;2;2;5;77;2;9;77;2;38;39;39;38,2954545454545;2,55135344253099;1;24;0;3;51;86;2;42;46;82;5;0;17;9;17;5;27;1;2;2;0;7;84;3;0;1;0;43;45;62;5;0;20;0;10;71;7;2780,5;3222;3580;3154,22727272727;661,091169174338;5;69;11;1;87;9,51136363636364;0,844104887825555;1;86
2016;"MUNICIPIO";"351890";62;0;58;0;18;17;10;11;6;0;0;0;62;19;24;30;24,7258064516129;6,44820309151828;0;5;14;34;4;5;41;3;0;15;0;19;42;32;30;62;0;0;1;0;4;56;1;5;56;1;38;38;39;38,0483870967742;2,01979888103513;0;11;5;1;45;62;0;14;48;61;1;0;7;22;3;6;18;1;0;0;0;5;62;0;0;0;0;33;29;41;3;0;15;0;5;53;4;2896,25;3235;3538,75;3217,54838709677;572,252829524674;2;52;8;0;62;9,70967741935484;0,583575659168166;0;61
2016;"MUNICIPIO";"351900";103;0;103;1;19;26;21;22;10;4;0;0;102;21;26;31,5;26,2621359223301;6,99994560910037;0;4;20;63;1;15;54;4;0;45;0;52;51;46;57;101;2;0;0;2;6;95;0;8;95;0;38;39;39,5;38,4660194174757;1,62586648983135;0;19;3;8;73;103;0;43;60;100;3;0;18;26;12;14;20;1;2;2;0;8;103;0;0;0;0;50;53;54;4;0;45;0;8;90;5;2965,5;3240;3520;3216,04854368932;542,641024927284;10;81;10;1;102;9,80582524271845;0,578338601329646;1;102
2016;"MUNICIPIO";"351905";214;0;187;1;25;51;53;51;30;3;0;0;213;22;28;33;27,5327102803738;6,27435013489038;0;5;38;104;3;55;145;14;0;49;0;93;120;88;126;202;12;0;1;0;24;188;0;25;188;0;38;39;40;38,5492957746479;1,90423113088736;0;59;2;3;136;212;2;69;145;195;17;1;27;48;29;18;56;2;7;11;1;14;212;0;2;0;0;107;107;146;14;0;49;0;21;180;13;2890;3255;3575;3212,31775700935;588,485947804211;9;170;22;1;213;9,9392523364486;6,16297070324685;4;209
2016;"MUNICIPIO";"351907";3065;0;2751;14;354;726;838;702;353;74;3;1;3050;22;27;32;27,2701468189233;6,31247672575218;10;56;478;1935;134;421;1669;188;18;1133;0;1273;1756;1266;1799;3004;61;2;19;45;207;2762;29;273;2762;29;38;39;40;38,5110966057441;2,1697187911905;16;503;152;132;2033;1548;1517;1131;1934;2940;103;1;654;456;493;265;803;36;55;61;1;223;3050;4;9;2;0;1531;1534;1669;188;18;1133;0;254;2694;117;2910;3190;3500;3157,74127243067;552,547731309262;210;2533;250;29;3014;9,66184686164969;2,44109030973361;37;3020
2016;"MUNICIPIO";"351910";124;0;26;3;25;35;24;18;18;1;0;0;121;20;24;31,25;25,491935483871;6,99767204930504;0;0;2;20;1;5;28;1;0;11;0;13;28;89;35;122;2;0;2;1;21;77;5;24;77;5;37;38;39;37,5094339622642;2,75420123419743;0;10;3;3;42;27;97;10;114;57;1;1;1;19;1;6;11;1;0;2;1;13;124;0;0;0;0;60;63;28;1;0;11;0;11;113;0;2825;3157,5;3421,25;3086,81451612903;484,727035195436;5;84;13;1;57;9,44827586206897;0,820192826987792;2;120
2016;"MUNICIPIO";"351920";49;0;49;0;11;14;6;14;3;1;0;0;49;20;24;32;25,8979591836735;6,61199950203915;0;0;10;30;1;8;26;1;1;21;0;25;24;25;24;47;2;0;2;0;2;45;0;4;45;0;38;39;39;38,0204081632653;3,05838870920598;1;7;3;3;35;49;0;23;26;47;2;0;9;13;6;9;5;1;0;2;0;4;49;0;0;0;0;22;27;26;1;1;21;0;6;40;3;2885;3180;3480;3098,75510204082;721,101198706194;2;41;4;0;49;9,6734693877551;0,718440298553077;1;48
2016;"MUNICIPIO";"351925";99;0;79;2;16;27;19;17;11;6;1;0;97;21;26;31,5;26,6767676767677;7,52252167179451;0;4;25;51;2;14;60;5;0;24;0;27;70;41;58;99;0;0;0;1;10;80;2;11;80;2;38;39;40;38,6666666666667;1,94675501089987;0;15;9;8;63;99;0;55;43;94;4;0;18;13;18;16;12;1;3;0;0;11;99;0;0;0;0;51;48;60;5;0;24;0;10;85;4;2975;3225;3510;3176,31313131313;480,554306779769;8;78;6;0;98;9,39795918367347;0,714212072787061;0;91
2016;"MUNICIPIO";"351930";479;0;466;4;77;123;127;96;42;10;0;0;475;21;26;31;26,0960334029228;6,23688288190214;1;12;116;305;5;38;295;37;0;145;0;225;252;177;302;474;5;0;1;3;31;437;4;35;437;4;38;38;39;38,2415966386555;1,62689008237035;0;105;11;15;342;171;308;78;401;449;27;0;33;115;28;79;162;15;11;5;0;26;479;0;0;0;0;249;230;295;37;0;145;0;38;430;11;2882,5;3145;3427,5;3132,64091858038;477,805706731228;32;407;30;3;474;9,71488469601677;0,633823131391672;2;477
2016;"MUNICIPIO";"351940";146;0;145;0;17;38;37;38;15;1;0;0;146;22;27;31,75;26,8424657534247;5,98352722197037;0;6;44;72;2;22;113;3;0;30;0;66;80;74;72;142;4;0;1;2;9;134;0;12;134;0;38;38;39;38,0616438356164;2,04845645081675;1;10;1;9;125;144;2;29;117;139;7;0;22;43;14;11;38;2;2;4;0;10;144;0;0;2;0;84;62;113;3;0;30;0;10;128;8;3011,25;3261;3503,75;3231,08904109589;512,191706044859;1;127;14;1;144;9,63448275862069;0,70527568588705;1;145
2016;"MUNICIPIO";"351950";72;0;72;0;12;22;20;11;7;0;0;0;72;21;25;29,25;25,4444444444444;6,27063105050185;0;4;24;30;4;10;54;1;0;17;0;16;56;27;45;72;0;0;0;0;5;66;1;5;66;1;38;39;40;38,5833333333333;1,51750350952097;1;11;2;9;49;71;1;20;52;69;3;0;11;14;11;4;25;1;2;0;0;4;71;0;0;1;0;43;29;54;1;0;17;0;3;66;3;3045;3210;3551,75;3255,66666666667;430,8256730551;3;63;6;1;71;9,55555555555556;0,917573175327928;0;72
2016;"MUNICIPIO";"351960";708;0;687;7;99;167;194;146;81;14;0;0;701;22;27;31;26,7570621468927;6,32748597536253;0;17;180;415;14;78;499;21;0;180;0;170;532;299;409;694;14;0;6;13;71;603;15;90;603;15;38;38;39;38,1101694915254;2,28004279832192;2;105;17;48;525;101;607;163;545;677;24;1;89;160;32;84;230;10;10;14;1;74;706;1;1;0;0;376;332;499;21;0;180;0;61;607;40;2900;3210;3530;3171,13418079096;590,752626010555;43;569;76;3;702;9,32765957446808;3,47542317532444;2;706
2016;"MUNICIPIO";"351970";1145;0;354;6;223;281;264;212;125;33;0;1;1138;21;26;31;26,164192139738;6,8173685450571;0;19;79;216;17;90;313;10;4;85;0;91;359;475;670;1130;12;4;9;11;76;885;31;100;885;31;38;39;40;38,4498031496063;2,52113039793249;4;205;83;99;666;285;860;501;639;1081;43;4;196;148;172;102;249;21;19;11;4;89;1139;2;4;0;0;597;547;313;10;4;85;0;86;1015;44;2885;3195;3520;3172,85938864629;547,022527343211;82;809;97;12;1127;9,66812993854258;0,918733519641817;7;1079
2016;"MUNICIPIO";"351980";89;0;87;1;11;29;23;16;8;1;0;0;88;22;25;30;26,2134831460674;6,11345741732636;0;3;20;41;6;19;63;6;0;19;0;50;38;36;53;89;0;0;0;0;11;78;0;11;78;0;37;38;39;38,0449438202247;1,6848935248228;0;15;3;4;67;89;0;11;78;87;2;0;11;21;9;5;30;0;2;0;0;11;88;0;0;1;0;42;47;63;6;0;19;0;11;77;1;2858;3094;3345;3043,91011235955;511,550553807855;7;80;2;2;86;9,53409090909091;1,20295482603447;1;88
2016;"MUNICIPIO";"351990";93;0;87;0;14;31;25;15;7;1;0;0;93;21;25;29;25,3440860215054;6,00270704087804;0;3;17;55;4;11;60;3;0;30;0;22;71;38;55;90;3;0;0;2;13;74;3;15;74;3;37;38;39;38,0326086956522;2,17099302217698;0;7;3;3;77;47;46;13;80;92;1;0;10;24;2;5;36;0;0;3;0;12;93;0;0;0;0;48;45;60;3;0;30;0;8;78;7;2910;3160;3530;3156,68817204301;539,534601753227;6;69;12;0;93;9,55913978494624;0,54098070349332;2;91
2016;"MUNICIPIO";"352000";278;0;228;3;46;75;74;48;24;8;0;0;275;21;25;31;25,9820143884892;6,41098731729082;1;12;96;131;5;24;186;18;1;62;0;53;222;120;158;266;12;0;1;3;28;237;7;32;237;7;38;38,5;39;38,2717391304348;2,07550174894685;3;70;14;25;161;278;0;76;201;239;18;3;24;73;11;38;62;6;8;12;3;23;276;2;0;0;0;151;127;186;18;1;62;0;28;239;11;2841,25;3085;3397,5;3089,45683453237;560,645324996548;20;220;22;1;275;9,27898550724638;0,595492511034595;2;268
2016;"MUNICIPIO";"352010";298;0;250;1;36;64;88;71;34;4;0;0;297;23;27;31;27,1073825503356;6,04544065572141;1;13;63;170;9;41;170;16;0;92;0;107;184;114;184;294;4;0;1;2;34;257;1;37;257;1;37;38;39;37,9389830508475;1,81349973124397;0;54;5;10;206;141;157;38;260;286;10;0;30;67;20;30;102;3;5;4;0;33;298;0;0;0;0;159;139;170;16;0;92;0;18;267;13;2911,25;3197,5;3460;3178,58053691275;480,207322535325;13;245;33;2;293;9,60677966101695;0,705629551202681;2;290
2016;"MUNICIPIO";"352020";122;0;88;1;17;31;32;27;8;6;0;0;121;21;27;31,75;26,8360655737705;6,83858843844073;0;1;18;87;2;14;85;0;0;24;0;25;97;47;75;122;0;0;0;2;16;93;10;18;93;10;38;39;40;38,5289256198347;2,37021229768309;1;14;4;10;72;121;1;63;59;121;1;0;16;25;13;17;31;0;1;0;0;18;121;1;0;0;0;64;58;85;0;0;24;0;13;105;4;2827,5;3175;3473,75;3130,8606557377;490,669610199287;7;97;11;2;120;9,40163934426229;0,756894875345007;1;121
2016;"MUNICIPIO";"352030";367;0;360;1;63;100;69;86;38;9;1;0;366;21;26;32;26,3351498637602;6,81323378095763;1;8;65;247;14;31;208;9;1;143;5;107;259;133;234;357;10;0;3;6;31;313;12;40;313;12;38;39;40;38,5835616438356;2,51408197140911;5;69;18;24;246;359;8;266;101;352;14;0;33;84;62;65;70;5;4;10;0;32;365;0;1;1;0;192;175;208;9;1;143;5;32;301;34;2955;3290;3642,5;3249,76839237057;615,348662358169;22;275;54;5;361;9,66393442622951;0,827049441841263;3;364
2016;"MUNICIPIO";"352040";488;0;481;2;61;122;126;106;56;15;0;0;486;22;27;32;27,0901639344262;6,52652663140211;0;2;88;313;27;58;260;28;1;197;0;225;258;202;286;476;12;0;2;3;26;445;12;31;445;12;38;39;40;38,8094262295082;1,91571724567814;1;46;16;19;404;47;441;325;163;475;11;2;103;88;105;50;94;1;8;11;2;26;479;1;8;0;0;215;273;260;28;1;197;0;33;431;24;2945;3235;3551,25;3215,77459016393;549,223703044086;32;395;48;8;480;9,52049180327869;0,952458271887157;3;485
2016;"MUNICIPIO";"352042";151;0;144;0;25;39;47;23;14;3;0;0;151;21;25;30;25,953642384106;6,1181018280121;1;2;34;97;9;7;86;3;1;60;0;45;106;41;110;147;4;0;1;1;13;127;7;15;127;7;38;39;40;38,744966442953;2,35714658700941;0;53;9;9;74;148;3;123;28;147;3;0;7;29;31;39;27;1;1;4;0;10;147;2;1;1;0;77;74;87;3;1;60;0;13;127;11;2920;3295;3685;3245,66225165563;591,777738540602;13;105;25;1;149;9,70666666666667;0,700399374725828;0;150
2016;"MUNICIPIO";"352044";285;0;61;0;35;67;73;51;47;10;2;0;285;22;27;33;27,8526315789474;6,90371672869955;0;4;46;159;15;48;181;5;0;96;0;111;162;115;170;285;0;0;2;4;22;242;12;28;242;12;38;39;40;38,3723404255319;2,37116744923469;0;22;11;19;185;34;251;100;185;272;11;0;38;59;31;26;88;4;7;0;0;27;285;0;0;0;0;144;141;181;5;0;96;0;24;248;13;2970;3240;3525;3187,8;586,224010205011;13;237;27;1;283;9,69718309859155;0,645609653748832;1;77
2016;"MUNICIPIO";"352050";3068;0;2976;8;277;678;767;778;442;110;7;1;3059;23;28;33;28,2438070404172;6,56257364040271;8;43;470;1659;146;713;2095;117;20;809;1;1341;1709;1304;1764;2990;77;0;7;26;246;2724;54;279;2724;54;38;39;40;38,4674517500818;1,8926534955711;9;475;84;102;2342;463;2605;988;2079;2911;127;4;568;547;406;292;839;62;54;73;4;193;3047;5;15;0;0;1622;1446;2100;117;20;809;1;258;2679;131;2885;3200;3505;3168,15873533246;537,510567891772;230;2487;260;22;3031;9,62987225679659;1,79154081620464;35;3030
2016;"MUNICIPIO";"352060";50;0;43;1;11;10;12;9;5;2;0;0;49;21;26;32,5;26,2;7,28431359084684;0;1;9;28;0;11;36;1;0;12;0;12;38;20;30;50;0;0;1;0;4;45;0;5;45;0;37,25;38;39;37,86;2,76279952665585;0;3;2;5;37;50;0;16;34;48;2;0;6;12;4;4;18;0;2;0;0;4;50;0;0;0;0;29;21;36;1;0;12;0;4;40;6;2908,75;3335;3507,5;3165,62;773,171467372654;2;39;9;1;47;9,4375;1,3823546054899;0;49
2016;"MUNICIPIO";"352070";33;0;33;0;3;11;8;7;3;1;0;0;33;21;26;32;26,5454545454545;6,45702577183813;0;1;9;10;3;10;20;4;1;7;1;14;19;11;22;31;2;0;0;0;6;24;3;6;24;3;37;38;39;38,030303030303;2,55544575960888;0;1;1;2;29;14;19;6;27;29;4;0;0;6;1;3;15;1;1;2;0;4;33;0;0;0;0;14;19;20;4;1;7;1;2;29;2;2952;3200;3580;3229,30303030303;489,908887246425;1;25;5;0;33;9,60606060606061;0,609271795844942;0;33
2016;"MUNICIPIO";"352080";37;0;35;0;6;8;9;7;6;1;0;0;37;22;26;32;26,8378378378378;6,82118234095296;0;2;4;21;1;9;29;0;0;8;0;4;33;21;16;37;0;0;1;0;5;29;2;6;29;2;37;38;40;38,0810810810811;2,86141358207577;0;4;2;0;29;37;0;9;28;36;1;0;1;15;1;2;11;1;0;0;0;6;37;0;0;0;0;18;19;29;0;0;8;0;5;32;0;2895;3250;3540;3131,45945945946;619,632220424817;4;28;5;1;36;8,97297297297297;0,957034960654999;0;37
2016;"MUNICIPIO";"352090";169;0;161;1;30;64;30;24;16;4;0;0;168;20;23;30;25,2189349112426;6,411902718997;0;9;37;100;9;14;110;9;0;48;0;42;126;64;105;167;2;0;3;2;13;149;1;18;149;1;38;39;40;38,3511904761905;2,43512195455617;0;15;4;3;142;167;2;54;115;161;8;0;38;15;25;11;54;4;3;2;0;16;169;0;0;0;0;84;85;110;9;0;48;0;19;141;9;2875;3160;3460;3099,10059171598;624,56407316443;14;139;13;4;165;9,27810650887574;0,879424169295293;2;167
2016;"MUNICIPIO";"352100";333;0;312;1;52;85;80;67;40;8;0;0;332;21;26;32;26,6576576576577;6,69178892936857;1;8;97;179;12;35;213;22;1;83;0;96;232;106;227;324;9;0;5;4;40;277;6;49;277;6;38;39;40;38,1897590361446;2,62629348406069;2;44;20;13;251;328;5;142;191;316;15;0;38;46;53;50;80;5;8;9;0;41;325;4;3;1;0;163;170;213;22;1;83;0;37;286;10;2850;3200;3495;3132,44444444444;603,473350701332;20;270;31;3;330;10,1021021021021;6,9591165241554;1;332
2016;"MUNICIPIO";"352110";87;0;83;0;12;22;30;10;11;2;0;0;87;21;26;30;26,3333333333333;6,38251001632799;1;3;21;49;4;8;48;4;0;33;1;40;46;41;46;87;0;0;1;1;4;78;3;6;78;3;38;39;39,5;38,5402298850575;2,27629134166076;0;19;2;3;60;85;2;27;60;79;7;0;8;28;7;8;25;3;4;0;0;3;85;0;1;1;0;42;45;48;4;0;33;1;11;72;4;2915;3180;3475;3129,19540229885;579,912720760241;7;73;5;1;84;9,55294117647059;0,748106854363879;0;87
2016;"MUNICIPIO";"352115";68;0;68;1;14;18;17;11;4;3;0;0;67;20,75;25;30,25;25,6470588235294;6,65966855408131;0;2;14;42;3;7;54;2;0;12;0;45;23;32;36;68;0;0;1;0;5;62;0;6;62;0;38;38;39;38,1029411764706;1,83774444719732;0;6;4;3;55;68;0;8;60;67;1;0;6;23;3;6;23;0;1;0;0;6;68;0;0;0;0;34;34;54;2;0;12;0;8;60;0;2712,5;3157;3447;3065,94117647059;519,244223513682;7;60;1;0;68;9,79411764705882;0,475012129598838;3;65
2016;"MUNICIPIO";"352120";57;0;55;0;13;7;12;11;12;2;0;0;57;21;27;34;27,7017543859649;7,67175923268651;0;3;13;33;1;5;21;3;0;31;0;18;37;24;33;57;0;0;0;2;3;49;2;5;49;2;38;39;40;38,6428571428571;2,46745044292924;0;14;4;1;36;56;1;46;11;55;0;0;5;14;15;8;8;0;0;0;0;5;55;1;0;1;0;25;32;21;3;0;31;0;3;52;2;2990;3155;3360;3179,47368421053;515,200796682474;0;49;7;1;54;9,69090909090909;0,716801725587149;0;57
2016;"MUNICIPIO";"352130";165;0;162;2;33;48;42;26;12;2;0;0;163;20;24;29;25,1818181818182;6,29389243949333;1;5;45;92;5;16;94;5;0;66;0;50;114;73;92;161;4;0;0;0;15;149;1;15;149;1;38;38;39;38,2969696969697;1,56651019016966;1;20;4;6;133;63;102;38;127;157;7;1;30;30;21;7;55;5;2;3;1;11;165;0;0;0;0;92;73;94;5;0;66;0;14;148;3;2830;3115;3460;3109,61212121212;503,872414017951;17;137;7;0;165;9,66666666666667;0,674747769796632;0;165
2016;"MUNICIPIO";"352140";272;0;268;1;31;54;59;82;40;4;1;0;271;23;29;33;28,1838235294118;6,44099211477687;0;2;35;172;9;54;186;12;0;74;0;61;211;130;142;268;4;0;2;0;27;239;4;29;239;4;38;39;39;38,3602941176471;1,99139400864757;0;26;9;23;211;271;1;91;181;263;8;0;75;38;45;18;61;4;2;4;0;24;271;0;1;0;0;129;143;186;12;0;74;0;21;238;13;2858,75;3222,5;3480;3179,125;532,513103800796;16;225;27;0;271;9,63468634686347;0,58636971126959;1;271
2016;"MUNICIPIO";"352150";82;0;79;2;12;24;20;13;10;1;0;0;80;21;26;30,75;26,1219512195122;6,50999278204534;0;1;20;42;6;12;65;1;0;15;0;19;63;34;48;82;0;0;0;0;6;75;1;6;75;1;38;39;39,75;38,6219512195122;1,42846065729615;0;10;3;7;60;82;0;16;66;75;7;0;5;22;3;8;31;4;3;0;0;6;82;0;0;0;0;41;41;65;1;0;15;0;7;72;3;3032,5;3262,5;3573,75;3243,60975609756;483,392455032819;5;70;7;0;82;9,78048780487805;0,44512143561284;0;82
2016;"MUNICIPIO";"352160";58;0;57;1;10;18;10;8;10;1;0;0;57;21;24,5;30,75;25,8448275862069;7,20088134015657;0;4;14;28;5;7;41;0;0;16;0;35;23;28;30;56;2;1;0;1;9;47;0;11;47;0;37;38;39;37,6379310344828;3,03603085682299;0;9;4;6;39;58;0;8;50;52;6;0;19;1;8;0;13;2;2;2;0;11;58;0;0;0;0;31;27;41;0;0;16;0;3;52;3;2855;3125;3537,5;3133,87931034483;577,287245767505;2;44;9;1;57;9,62068965517241;1,41207308352806;1;57
2016;"MUNICIPIO";"352170";212;0;210;1;45;60;55;30;16;4;1;0;211;20;24,5;29;25,1745283018868;6,37922518762709;0;14;48;123;7;20;172;3;1;36;0;35;175;79;133;202;10;1;4;2;12;193;0;19;193;0;38;39;39;38,1792452830189;2,75129325837497;2;25;6;9;170;211;1;121;91;205;6;1;13;60;13;55;47;0;4;9;1;10;212;0;0;0;0;99;113;172;3;1;36;0;22;186;4;2870;3175;3430;3082,18396226415;610,029910794419;13;178;10;12;200;8,94811320754717;1,42494573819201;2;210
2016;"MUNICIPIO";"352180";296;0;288;1;67;79;58;60;23;7;1;0;295;20;25;31;25,5236486486486;6,60298711536114;0;18;70;169;12;26;221;10;0;63;0;115;179;102;194;288;8;0;0;16;28;235;16;44;235;16;38;39;40;38,1898305084746;2,72264970199002;1;58;15;28;188;153;143;133;163;285;8;2;38;41;60;30;70;2;4;7;2;40;296;0;0;0;0;143;153;221;10;0;63;0;30;258;8;2875;3185;3466,25;3122,08783783784;581,710084807574;23;228;32;5;290;9,27457627118644;5,31227538845986;9;287
2016;"MUNICIPIO";"352190";162;0;158;3;29;39;33;38;14;5;1;0;159;20;27;32;26,358024691358;6,98944837741181;0;12;42;80;4;23;127;4;0;30;0;30;131;81;81;161;1;0;1;2;13;145;1;16;145;1;38;39;39;38,2469135802469;2,09720822531081;0;17;4;5;135;162;0;32;130;152;10;0;10;57;10;11;49;5;5;1;0;14;162;0;0;0;0;85;77;127;4;0;30;0;15;139;8;2945;3200;3513,75;3184,32098765432;546,036112999534;10;136;15;1;161;9,58641975308642;0,71925653237141;1;161
2016;"MUNICIPIO";"352200";41;0;32;0;5;15;7;9;3;2;0;0;41;22;25;31;26,5609756097561;6,5117155208432;0;3;7;25;3;3;30;0;0;5;0;3;36;21;20;41;0;0;1;0;5;31;2;6;31;2;38;39;39;38,3333333333333;2,47443064512705;0;3;2;2;34;41;0;4;37;38;1;0;2;16;2;3;8;1;0;0;0;5;41;0;0;0;0;26;15;30;0;0;5;0;2;36;3;2930;3100;3475;3144,26829268293;652,645157202221;5;29;4;0;41;9,97560975609756;0,156173761888606;0;40
2016;"MUNICIPIO";"352210";1338;0;1306;12;217;339;314;256;154;45;1;0;1326;21;26;32;26,6128550074738;6,81201031911925;1;19;279;871;75;93;658;73;2;600;5;971;366;492;846;1312;26;2;7;4;150;1136;38;163;1136;38;38;39;40;38,5086013462977;2,23073104416587;19;224;49;70;957;186;1152;692;645;1289;41;4;235;169;272;151;295;15;22;26;4;146;1331;0;5;2;0;687;650;658;73;2;600;5;85;1175;78;2936,25;3257,5;3565;3228,51718983558;536,766338175681;72;1084;152;7;1327;9,49325337331334;0,761724698561734;22;1313
2016;"MUNICIPIO";"352215";42;0;41;0;16;8;6;6;5;1;0;0;42;19;22;30,75;24,3333333333333;7,21673754635764;0;3;12;26;0;1;11;3;0;28;0;8;34;14;28;40;2;0;0;0;7;34;1;7;34;1;38;39;40;38,6190476190476;2,17471479433546;1;3;1;1;35;42;0;16;26;40;2;0;10;3;11;2;9;0;1;2;0;4;42;0;0;0;0;26;16;11;3;0;28;0;6;32;4;2955;3277,5;3662,5;3191,16666666667;730,991038504566;4;31;4;0;42;9,54761904761905;0,802507684102136;0;42
2016;"MUNICIPIO";"352220";2680;0;2511;6;425;686;647;548;272;88;8;0;2674;21;26;32;26,6679104477612;6,64714687026951;2;50;503;1654;136;331;1024;204;8;1430;1;1734;938;998;1682;2621;59;0;11;20;243;2361;41;274;2361;41;38;39;40;38,5358744394619;1,96583492084263;16;404;174;197;1759;836;1844;1632;1048;2589;82;4;379;483;596;367;492;19;44;59;4;228;2662;12;5;1;0;1333;1346;1024;204;8;1430;1;238;2322;120;2890;3190;3500;3167,68208955224;544,899987104386;163;2207;232;23;2655;9,5067214339059;3,09453704327664;32;2635
2016;"MUNICIPIO";"352230";2076;0;1983;11;315;527;498;431;231;56;7;0;2065;21;26;32;26,76204238921;6,65096963454563;1;75;522;1161;74;240;1563;31;15;455;2;735;1338;800;1276;2032;44;1;13;17;154;1885;6;185;1885;6;38;39;39;38,4556840077071;1,98802716627205;5;255;70;92;1581;172;1904;980;1096;1999;74;2;276;423;231;331;569;29;33;43;2;138;2063;1;11;1;0;1043;1033;1563;31;15;455;2;168;1794;114;2945;3245;3546,25;3208,68208092486;560,729879849345;103;1719;209;22;2051;9,2575976845152;0,800712410976101;21;2054
2016;"MUNICIPIO";"352240";1436;0;1426;11;270;389;360;255;124;27;0;0;1425;20;25;30;25,699860724234;6,48201155878209;3;68;304;810;57;194;1184;21;6;222;1;190;1245;564;872;1390;46;1;10;14;135;1276;0;160;1276;0;38;39;39;38,1908077994429;2,05901073349895;7;166;33;25;1201;19;1417;672;764;1373;63;0;60;424;53;321;358;19;28;46;0;127;1433;0;2;1;0;720;716;1184;21;6;222;1;138;1247;51;2860;3185;3460;3130,56267409471;550,551662112273;74;1211;104;40;1394;9,03835425383543;1,11103408199754;19;1416
2016;"MUNICIPIO";"352250";4087;0;3702;18;658;1078;1043;752;415;117;6;0;4069;21;26;31;26,3582089552239;6,55291317612784;3;81;893;2636;166;301;1357;386;11;2322;3;1417;2663;1488;2599;3998;89;0;18;45;341;3662;19;404;3662;19;38;39;40;38,4746634026928;1,976268834673;100;817;346;339;2135;1004;3083;2421;1666;3863;206;12;782;473;1065;347;814;78;103;88;12;319;4035;39;10;3;0;2121;1966;1357;386;11;2322;3;384;3550;153;2870;3185;3480;3141,59554685588;545,118770022618;305;3378;307;47;4027;9,24938635247914;1,63008056492362;57;4025
2016;"MUNICIPIO";"352260";803;0;777;10;105;195;197;177;97;22;0;0;793;22;27;32;27,1357409713574;6,61180500160165;1;18;174;464;22;120;622;48;0;122;0;383;419;375;428;777;26;0;10;11;96;673;11;117;673;11;37;38;39;38,0524344569288;2,49994943769094;2;75;39;41;632;81;722;254;549;770;25;4;104;211;94;82;162;10;13;26;4;93;803;0;0;0;0;422;381;622;48;0;122;0;77;692;34;2902,5;3210;3502,5;3149,42465753425;601,859726111441;46;641;90;7;795;9,66209476309227;3,26205201855868;10;790
2016;"MUNICIPIO";"352265";58;0;58;1;19;10;13;9;5;0;1;0;57;18,25;24;29,75;24,448275862069;7,29617158393456;0;5;19;29;1;4;29;1;1;27;0;6;52;24;34;58;0;0;1;1;3;48;5;5;48;5;38;39;40;38,4827586206897;2,57001180494486;0;7;0;1;50;58;0;24;34;56;2;0;7;14;8;9;14;1;1;0;0;4;58;0;0;0;0;21;37;29;1;1;27;0;4;52;2;2985;3150;3545;3226,25862068966;497,658501960433;3;46;9;1;57;9,62068965517241;0,745220706902573;2;56
2016;"MUNICIPIO";"352270";448;0;432;1;76;106;107;97;49;12;0;0;447;21;26;32;26,703125;6,7016168246832;0;13;81;278;12;63;326;19;0;97;0;161;285;186;262;440;8;0;3;4;54;383;4;61;383;4;37;38;39;37,9464285714286;1,93906864663504;4;67;19;19;333;152;296;71;377;432;10;3;58;93;42;27;150;6;3;8;3;55;448;0;0;0;0;224;224;326;19;0;97;0;51;377;20;2830;3180;3470;3129,43080357143;562,925992518991;31;358;48;3;444;9,02237136465324;0,701977166649004;2;443
2016;"MUNICIPIO";"352280";201;0;191;2;32;56;41;46;20;4;0;0;199;21;26;31;26,2537313432836;6,62346574743636;0;6;58;105;4;20;163;6;0;23;0;47;146;83;118;201;0;0;1;1;30;156;12;32;156;12;38;39;40;38,595;2,42908982685587;1;43;9;9;130;30;171;96;105;184;9;0;28;28;34;22;42;3;6;0;0;30;200;1;0;0;0;105;96;163;6;0;23;0;17;173;11;2970;3240;3530;3213,53233830846;543,239091191903;14;156;23;1;192;9,72538860103627;0,855270412449217;3;198
2016;"MUNICIPIO";"352290";186;0;149;2;38;52;52;23;15;3;1;0;184;20;25;29;25,3064516129032;6,51299418753274;0;6;58;107;2;11;98;13;0;49;0;85;99;64;122;180;6;0;2;0;16;165;0;18;165;0;38;39;40;38,3879781420765;2,2131643497671;0;30;12;11;130;186;0;54;132;172;5;5;24;30;21;17;64;2;0;6;5;12;186;0;0;0;0;103;83;98;13;0;49;0;20;160;6;2845;3135;3418,75;3094,1935483871;532,721868674036;17;151;11;1;183;9,73369565217391;0,829612744461741;2;184
2016;"MUNICIPIO";"352300";60;0;12;0;12;15;14;13;6;0;0;0;60;20;26;30;25,5666666666667;6,50258531810303;1;2;11;37;1;2;23;1;0;33;0;31;25;16;44;58;2;0;0;0;8;47;4;8;47;4;38;39;40;38,728813559322;2,07472896837798;0;7;3;2;36;60;0;24;36;58;2;0;6;4;8;3;28;0;0;2;0;8;60;0;0;0;0;34;26;23;1;0;33;0;5;49;6;3015;3212,5;3505;3257,68333333333;492,26055838817;0;47;8;0;60;9,76666666666667;0,532555930592308;0;16
2016;"MUNICIPIO";"352310";6100;0;5825;27;981;1668;1497;1178;595;147;7;0;6073;21;26;31;26,2522950819672;6,49482644853818;4;131;1092;4223;211;429;2238;481;22;3325;11;3540;2536;2335;3765;5985;113;2;34;72;695;5089;189;803;5089;189;38;39;40;38,3645781943759;2,34775684315554;22;1088;705;780;3403;2547;3553;3629;2470;5865;170;8;579;1395;780;1265;1052;64;86;112;8;691;6077;3;17;3;0;3106;2979;2238;481;22;3325;11;606;5232;262;2860;3175;3470;3137,36098360656;568,60924806245;468;4833;573;79;5985;9,37137203166227;1,87264262427929;37;6026
2016;"MUNICIPIO";"352320";647;0;642;2;119;166;167;119;58;14;2;0;645;21;26;30,5;25,9891808346213;6,49516660802553;0;99;190;269;27;62;555;6;1;85;0;361;286;257;390;633;14;1;3;8;52;574;9;64;574;9;38;39;39;38,3261205564142;2,18926050345936;1;85;42;37;479;108;539;245;402;635;12;0;139;90;138;40;170;5;2;14;0;49;646;0;1;0;0;343;304;555;6;1;85;0;56;561;30;2890;3176;3480;3164,87017001546;547,833788004239;37;528;62;10;635;9,67751937984496;0,895922466948019;5;642
2016;"MUNICIPIO";"352330";185;0;178;1;28;53;46;30;16;11;0;0;184;21;25;32;26,5513513513514;6,98202745648105;3;8;41;115;11;7;79;5;1;98;2;131;53;59;126;183;2;0;0;4;18;155;7;22;155;7;38;39;40;38,5597826086956;2,3015110162559;2;35;12;16;116;183;2;117;68;180;4;0;36;19;48;23;33;0;3;2;0;19;182;1;1;1;0;91;94;79;5;1;98;2;13;161;11;2960;3295;3580;3236,78378378378;580,635012907305;7;150;23;0;185;9,49189189189189;0,660359906142418;3;182
2016;"MUNICIPIO";"352340";1355;0;1268;3;162;302;342;333;168;43;2;0;1352;22;28;32;27,6088560885609;6,46720471870662;3;24;222;792;73;236;850;74;6;368;2;326;1020;591;764;1318;37;4;11;18;143;1132;46;176;1132;46;38;39;40;38,2223042836041;2,62993265275847;7;102;57;73;1112;118;1237;452;903;1309;24;2;222;266;191;111;339;8;13;35;2;147;1349;0;5;1;0;706;648;850;74;6;368;2;120;1174;61;2890;3200;3500;3156,77638376384;557,486697117107;77;1064;150;12;1340;9,75739644970414;0,704446087211459;9;1346
2016;"MUNICIPIO";"352350";284;0;283;0;57;77;69;55;24;2;0;0;284;21;25;31;25,693661971831;6,2453795193858;0;12;79;167;7;18;230;5;0;48;0;56;227;105;179;282;2;0;2;2;29;242;8;33;242;8;38;39;40;38,3957597173145;2,13022400152412;2;27;12;11;231;283;1;159;125;272;9;2;45;37;72;27;61;4;4;2;2;29;282;0;0;2;0;149;135;231;5;0;48;0;30;238;16;2831,25;3177,5;3508,75;3143,22183098592;573,715732864774;23;233;24;7;277;9,6443661971831;5,42311535579371;3;281
2016;"MUNICIPIO";"352360";153;0;132;1;24;43;43;26;13;3;0;0;152;22;26;30;25,9738562091503;6,24599630965635;0;2;39;94;6;11;91;11;0;47;1;81;69;53;100;144;8;0;2;1;13;136;0;16;136;0;38;38;39;38,0723684210526;2,3476124935045;0;24;5;15;104;128;25;26;127;141;9;1;7;38;4;15;62;0;6;8;1;8;153;0;0;0;0;69;84;91;11;0;47;1;12;135;6;2930;3200;3465;3141,33986928105;564,323362455552;6;124;13;3;149;9,56578947368421;0,843133956908649;3;140
2016;"MUNICIPIO";"352370";71;0;31;1;10;22;20;9;8;1;0;0;70;21;25;29,5;25,7746478873239;6,12535056279252;1;3;19;23;3;6;30;4;0;17;1;21;36;34;37;57;2;0;1;0;6;49;2;7;49;2;37,25;39;39,75;38,2068965517241;2,57354026544809;0;9;5;6;26;71;0;27;28;54;2;1;13;6;17;2;11;0;2;2;1;4;71;0;0;0;0;42;29;30;4;0;17;1;8;61;2;2820;3140;3402,5;3080;529,60969455952;3;52;1;3;65;9,39705882352941;1,38369725230644;0;37
2016;"MUNICIPIO";"352380";84;0;83;0;14;20;29;14;6;1;0;0;84;21;26;29,25;25,8690476190476;5,73465424616047;2;3;26;43;0;10;65;2;0;17;0;48;36;42;42;82;2;0;0;1;13;69;1;14;69;1;37;38;39;37,8809523809524;2,10223496620306;0;8;2;3;71;84;0;18;66;83;1;0;5;31;6;12;14;0;0;2;0;14;84;0;0;0;0;41;43;65;2;0;17;0;4;80;0;2923,75;3185;3433,75;3120,05952380952;452,030555294941;5;69;8;3;80;8,95180722891566;1,14661340644942;1;83
2016;"MUNICIPIO";"352390";2290;0;2220;12;270;582;566;500;276;78;6;0;2278;22;27;32;27,2703056768559;6,63488539043284;3;58;455;1297;80;379;1694;83;7;489;1;1270;1006;905;1385;2250;40;0;4;21;280;1927;55;305;1927;55;38;39;40;38,3423699169217;2,07776677372335;9;452;136;84;1567;340;1950;950;1340;2173;100;5;247;500;277;331;537;41;45;40;5;252;2279;5;4;2;0;1157;1133;1694;83;7;489;1;203;1985;102;2905;3210;3510;3172,94366812227;537,721726538395;150;1860;226;20;2253;9,45226572811263;0,749140009144588;15;2272
2016;"MUNICIPIO";"352400";891;0;848;0;94;229;227;197;113;30;1;0;891;23;27;32;27,5050505050505;6,33686620816181;0;15;154;538;33;139;518;32;1;325;0;443;435;365;526;873;18;1;1;5;51;828;5;58;828;5;38;39;40;38,6812570145904;1,7962123045058;0;126;47;37;651;507;384;368;523;864;14;2;210;116;201;64;217;5;7;18;2;40;889;1;1;0;0;462;429;518;32;1;325;0;85;754;52;2900;3225;3547,5;3199,0101010101;542,372661914515;69;720;83;7;873;9,52840909090909;3,10954524670859;6;877
2016;"MUNICIPIO";"352410";418;0;379;3;58;109;88;112;40;7;1;0;415;22;27;32;26,799043062201;6,43937222635903;1;16;91;219;12;78;287;8;2;106;1;86;326;190;228;404;14;0;0;2;45;363;8;47;363;8;38;38;39;38,2344497607655;1,66428409324656;0;45;14;17;319;12;406;89;329;405;11;2;27;140;23;44;120;5;5;14;2;38;414;3;0;1;0;205;213;287;8;2;106;1;37;370;11;2887,5;3155;3463,75;3146,92822966507;479,823163486259;22;347;34;4;411;9,58795180722892;0,868865325694141;3;414
2016;"MUNICIPIO";"352420";71;0;68;0;4;15;27;15;8;1;1;0;71;24;27;31;27,8169014084507;5,69538625093011;1;1;12;42;2;12;42;5;0;22;1;16;54;25;46;71;0;0;0;1;10;60;0;11;60;0;37;38;39;37,9718309859155;1,82029692229369;0;11;3;6;48;66;5;14;57;70;0;0;3;18;7;6;25;0;0;0;0;11;71;0;0;0;0;42;29;42;5;0;22;1;8;59;4;2792,5;3120;3437,5;3097,39436619718;545,369376238926;9;54;8;1;69;9,62857142857143;0,919537195682864;1;70
2016;"MUNICIPIO";"352430";768;0;730;4;86;194;173;193;99;19;0;0;764;22;27;32;27,4401041666667;6,55109740218906;3;16;166;376;38;160;565;32;0;168;0;180;587;336;432;755;13;0;3;7;67;679;12;77;679;12;38;39;40;38,5026041666667;2,01816871036661;2;107;24;36;577;143;625;350;418;714;42;3;145;142;104;56;205;8;28;13;3;59;765;1;2;0;0;403;365;565;32;0;168;0;66;655;47;2900;3200;3490;3187,81770833333;560,884845821945;58;622;75;11;756;9,71056062581486;0,925236868219095;3;765
2016;"MUNICIPIO";"352440";3112;0;2201;13;369;730;778;730;403;84;5;0;3099;22;27;32;27,5089974293059;6,50637617368732;1;7;279;2010;145;652;2188;63;9;414;2;806;2275;1324;1788;3024;85;1;18;29;359;2621;71;407;2621;71;38;39;40;38,2523394643433;2,25652132473584;4;364;193;208;1907;719;2393;1279;1833;3015;53;4;396;697;370;342;770;25;23;83;4;351;3104;2;6;0;0;1583;1528;2188;63;9;414;2;277;2694;141;2900;3200;3510;3170,51767352185;551,284768976334;164;2491;318;23;3073;9,42926356589147;0,815937515609939;20;3081
2016;"MUNICIPIO";"352450";87;0;81;1;14;20;25;21;4;2;0;0;86;22;26;31;26,0344827586207;6,17091504251262;0;3;20;47;4;13;71;4;0;10;0;40;44;40;47;84;3;0;0;1;13;72;0;14;72;0;38;38;39;38,0581395348837;1,71741701512194;0;10;1;4;70;87;0;8;79;83;4;0;20;12;9;2;26;2;1;3;0;11;87;0;0;0;0;41;46;71;4;0;10;0;11;76;0;2817,5;3040;3332,5;3043,01149425287;481,661887930684;5;72;6;0;87;9,58620689655172;0,518309509264247;0;87
2016;"MUNICIPIO";"352460";267;0;264;0;44;77;63;45;28;10;0;0;267;21;26;31;26,3895131086142;6,75664268988211;2;9;48;171;9;27;166;6;0;94;0;54;213;90;177;265;2;0;1;3;23;222;17;27;222;17;38;39;40;38,9511278195489;2,27568331985796;1;50;11;11;194;261;6;203;64;257;9;0;25;56;56;52;40;3;5;2;0;26;266;0;1;0;0;137;130;166;6;0;94;0;15;229;23;3110;3395;3692,5;3337,58426966292;567,54671515829;13;202;42;5;261;9,67293233082707;0,882845127942554;4;263
2016;"MUNICIPIO";"352470";770;0;707;1;92;165;199;197;96;20;0;0;769;22;28;33;27,6467532467532;6,35142457455726;0;9;109;423;44;157;551;45;3;155;1;370;391;328;442;748;22;0;5;8;69;687;1;82;687;1;38;39;40;38,3415584415584;2,12703513190706;1;100;23;21;601;289;481;209;561;737;27;3;125;154;87;56;235;13;12;20;3;64;770;0;0;0;0;414;356;551;45;3;155;1;74;654;42;2901,25;3245;3537,5;3179,41818181818;577,540797139734;47;616;84;5;763;9,91276041666667;5,62833617686783;21;749
2016;"MUNICIPIO";"352480";540;0;420;4;67;128;133;123;73;11;1;0;536;22;27,5;32;27,2796296296296;6,42565242905412;0;5;68;297;16;153;460;7;3;69;0;74;456;252;288;530;10;1;4;8;53;465;8;66;465;8;38;38;39;38,0092764378479;2,44301356417462;0;33;16;27;371;73;467;59;481;520;16;0;79;137;35;46;166;10;4;10;0;52;538;1;1;0;0;279;261;461;7;3;69;0;60;457;23;2887,5;3192,5;3510,5;3135,63703703704;586,816209037992;28;440;57;5;534;9,68274582560297;0,802817455279878;1;521
2016;"MUNICIPIO";"352490";72;0;72;1;7;16;17;15;14;0;2;0;71;22;28;34;28,2083333333333;7,22658920579382;0;0;20;42;0;10;54;0;0;18;0;30;42;26;46;72;0;0;0;0;6;65;1;6;65;1;38;39;39;38,4722222222222;1,55619816818236;0;9;4;7;52;72;0;38;34;72;0;0;6;18;5;15;22;0;0;0;0;6;72;0;0;0;0;38;34;54;0;0;18;0;6;63;3;2940;3220;3490;3181,66666666667;528,405787303979;5;60;6;0;72;9,41666666666667;0,726752374667264;1;71
2016;"MUNICIPIO";"352500";1773;0;1604;8;254;436;445;395;195;39;1;0;1765;21;27;32;26,8629441624365;6,45682375805562;1;23;290;1094;100;263;760;115;2;887;0;565;1203;741;1032;1735;38;0;4;14;144;1602;7;162;1602;7;38;39;40;38,5369847543761;1,87253830847772;22;300;96;123;1080;1773;0;921;852;1633;134;1;303;322;317;191;338;57;69;38;1;131;1676;90;7;0;0;894;879;760;116;2;887;0;139;1557;76;2905;3210;3500;3182,32844243792;518,393150428659;97;1493;141;16;1753;9,27473148671566;0,833571778748477;27;1744
2016;"MUNICIPIO";"352510";562;0;452;4;91;130;158;112;54;13;0;0;558;22;26;31;26,5071174377224;6,31841824706382;1;14;168;304;15;53;390;39;1;131;0;229;326;201;361;544;18;2;7;1;63;464;18;73;464;18;38;39;40;38,445045045045;2,66582661500867;3;79;19;34;338;542;20;309;252;527;26;4;102;58;122;43;131;13;6;15;4;58;559;2;1;0;0;306;256;390;39;1;131;0;59;474;29;2826,25;3202,5;3513,75;3158,73131672598;599,478645191543;44;443;48;12;549;9,38324420677362;1,19866182495886;5;544
2016;"MUNICIPIO";"352520";388;0;370;1;62;101;92;68;48;15;1;0;387;21;26;32;26,7551546391753;6,86822058332381;0;7;78;241;15;43;223;26;1;136;0;210;174;144;244;383;4;0;2;3;39;341;3;44;341;3;38;39;40;38,4072164948454;1,99848766711052;2;99;21;27;229;384;4;187;201;379;9;0;49;74;68;62;79;5;4;4;0;42;385;0;3;0;0;205;183;223;26;1;136;0;29;343;16;2920;3228;3526,25;3203,76804123711;510,529423549056;20;324;37;6;382;9,40463917525773;0,955700494590517;3;385
2016;"MUNICIPIO";"352530";1676;0;1397;14;206;401;401;412;210;29;3;0;1662;22;27;32;27,2476133651551;6,40075743901539;0;29;370;943;59;260;1123;86;0;268;1;542;1121;737;939;1632;44;0;7;18;128;1502;6;153;1502;6;38;39;39;38,3720650210716;1,8941991054774;7;145;86;76;1339;22;1654;521;1153;1573;41;10;244;380;182;178;443;15;17;43;10;106;1675;0;1;0;0;883;793;1123;86;0;268;1;148;1468;60;2875;3185;3480;3150,90334128878;532,363967259797;103;1380;132;11;1648;9,82157926461724;0,615044332513517;6;1669
2016;"MUNICIPIO";"352540";48;0;39;0;7;19;8;7;4;3;0;0;48;21;23,5;30;26,1458333333333;7,01969746372801;0;2;17;17;1;4;30;3;0;15;0;11;37;15;33;43;5;0;0;0;4;43;1;4;43;1;38;39;39;38,6041666666667;1,31666217792574;1;7;1;1;37;48;0;6;42;22;1;25;4;2;1;0;9;1;0;3;25;3;48;0;0;0;0;23;25;30;3;0;15;0;4;44;0;2885;3202,5;3356,25;3103,22916666667;444,367216343637;6;36;1;1;47;9,35416666666667;0,729021008754668;0;47
2016;"MUNICIPIO";"352550";135;0;131;0;26;36;33;31;8;1;0;0;135;20;26;30,5;25,5481481481481;5,99093658553637;0;1;44;57;5;26;98;7;1;27;0;81;53;54;81;135;0;0;0;0;13;115;6;13;115;6;38;39;40;38,7164179104478;1,74119456142312;1;23;4;5;98;134;1;49;86;128;5;0;20;26;17;14;39;2;3;0;0;12;134;0;0;1;0;73;62;99;7;1;27;0;4;127;4;2882,5;3190;3442,5;3186,32592592593;420,870842556092;10;112;8;0;134;9,91791044776119;0,347893931261844;1;134
2016;"MUNICIPIO";"352560";82;0;79;0;18;21;23;14;6;0;0;0;82;21;25;29;25,109756097561;5,95457308969484;0;1;16;53;1;11;50;4;0;28;0;11;71;39;43;76;6;0;0;0;15;67;0;15;67;0;37;38;39;38,1585365853659;1,68119234727069;1;8;4;6;60;82;0;24;58;80;2;0;4;28;4;14;16;1;0;6;0;9;82;0;0;0;0;43;39;50;4;0;28;0;13;65;4;2835;3152,5;3427,5;3098,23170731707;540,446986899641;8;60;8;1;81;9,15853658536585;0,744850837584227;1;81
2016;"MUNICIPIO";"352570";447;0;415;5;54;118;129;94;42;5;0;0;442;22;27;31;26,4787472035794;5,99019155282518;2;19;98;246;16;65;320;19;1;96;0;136;300;168;279;435;12;0;3;8;72;355;6;83;355;6;37;38;39;37,768018018018;2,21685817571449;0;75;30;36;297;168;279;68;379;426;16;1;64;69;44;40;123;7;8;12;1;72;447;0;0;0;0;234;213;320;19;1;96;0;43;382;22;2852,5;3172;3480;3139,36241610738;555,187196823755;17;366;49;3;444;9,69574944071588;0,663970128618839;2;444
2016;"MUNICIPIO";"352580";66;0;63;2;10;17;16;9;9;3;0;0;64;21;26;32;26,6818181818182;7,2306167220935;0;4;16;40;2;3;34;6;0;25;0;21;44;27;39;66;0;0;1;0;10;54;1;11;54;1;37,25;38,5;39;37,8939393939394;2,92537328520804;0;15;3;5;40;66;0;28;38;65;0;0;4;19;6;14;11;0;0;0;0;11;66;0;0;0;0;42;24;34;6;0;25;0;6;58;2;2900;3233,5;3562,5;3174,9696969697;624,312149974723;4;53;8;3;62;8,95384615384615;1,77157035944428;3;63
2016;"MUNICIPIO";"352585";52;0;51;1;7;13;17;7;7;0;0;0;51;22;26;31;26,1923076923077;6,57994118079218;0;3;18;27;0;4;31;2;0;18;0;33;19;21;31;52;0;0;0;1;6;45;0;7;45;0;38;38;39;38;1,78226557735801;0;11;0;0;41;52;0;16;36;51;1;0;6;11;4;9;14;0;1;0;0;7;52;0;0;0;0;25;27;31;2;0;18;0;2;47;3;2985;3227,5;3552,5;3239,26923076923;458,112971570294;2;42;8;0;52;9,88461538461539;0,470870955797419;1;51
2016;"MUNICIPIO";"352590";5830;0;5783;17;575;1131;1434;1573;899;193;8;0;5813;23;29;33;28,4118353344768;6,45052144087119;3;79;597;3047;378;1722;3837;290;17;1675;1;2663;3162;2582;3248;5665;165;1;23;46;524;5228;8;594;5228;8;38;39;39;38,3578044596913;1,94774856267107;11;630;202;265;4685;384;5446;2611;3219;5649;154;22;984;1223;1024;557;1272;65;62;163;22;453;5812;1;15;2;0;3030;2800;3837;290;17;1675;1;524;5098;208;2865;3180;3485;3142,14425385935;539,994513941638;334;4927;402;48;5779;9,44808649390767;2,97924639073584;102;5727
2016;"MUNICIPIO";"352600";234;0;230;2;39;62;63;44;18;5;1;0;232;22;26;30;26,1239316239316;6,31688451450187;0;14;38;124;11;47;184;2;0;48;0;108;126;102;132;228;6;0;2;1;30;198;3;33;198;3;38;38,5;39;38,1196581196581;2,23956768192647;0;26;8;26;170;25;209;18;216;226;8;0;78;7;36;3;68;4;4;6;0;28;233;0;1;0;0;124;110;184;2;0;48;0;17;209;8;2966,25;3212,5;3555;3208,00854700855;554,146182286718;16;179;32;1;233;9,86324786324786;0,627085128226324;5;229
2016;"MUNICIPIO";"352610";265;0;260;1;56;59;52;54;32;11;0;0;264;21;26;32;26,5396226415094;7,08012421839972;0;10;56;173;8;17;111;9;0;144;0;30;234;102;163;261;4;0;0;4;13;246;1;17;246;1;38;39;40;38,905303030303;1,85872986577048;1;46;8;20;186;259;6;170;95;251;11;2;54;34;56;33;57;6;5;3;2;13;262;0;1;2;0;130;135;111;9;0;144;0;20;230;15;3060;3340;3620;3294,75094339623;567,213342239617;14;214;32;1;262;9,81368821292776;0,572495282934866;4;261
2016;"MUNICIPIO";"352620";459;0;403;0;91;136;94;75;50;12;1;0;459;20;25;31;25,8082788671024;6,74765502536083;5;19;101;269;28;33;220;28;2;201;0;302;149;177;282;450;7;0;1;6;51;384;12;58;384;12;38;39;40;38,442731277533;2,29117272054184;3;76;39;35;263;433;26;310;148;439;17;0;80;65;96;61;76;6;9;7;0;52;452;2;4;1;0;229;230;220;28;2;201;0;40;398;21;2857,5;3210;3555;3173,49455337691;577,52384161524;30;369;45;9;447;9,70614035087719;6,02679416667859;3;456
2016;"MUNICIPIO";"352630";38;0;34;0;4;9;14;6;5;0;0;0;38;22;27;30;26,6842105263158;5,78490703122239;1;3;7;19;2;6;31;0;0;6;0;15;23;15;23;38;0;0;0;0;4;31;2;4;31;2;38;39;39;38,5405405405405;1,60890912999728;0;5;2;5;25;37;1;16;22;38;0;0;5;8;8;3;9;0;0;0;0;4;37;0;1;0;0;19;19;31;0;0;6;0;3;34;1;2876,25;3285;3500;3190,26315789474;507,841147977345;2;32;3;1;36;9,02702702702703;0,798835488782351;1;35
2016;"MUNICIPIO";"352640";396;0;393;2;70;97;83;82;55;6;1;0;394;21;27;32;26,6464646464646;6,75961669396867;2;9;121;208;12;44;278;20;1;97;0;84;312;162;234;390;6;0;3;3;39;343;8;45;343;8;37;38;39;38,1868686868687;2,17940400468215;2;73;12;17;290;34;362;137;259;374;22;0;86;43;66;33;104;14;8;6;0;36;394;0;2;0;0;192;204;278;20;1;97;0;29;348;19;2903,75;3195;3481,25;3160,81818181818;549,855872736219;29;316;42;3;392;9,71139240506329;0,769169131423024;3;393
2016;"MUNICIPIO";"352650";47;0;28;0;6;12;17;4;6;2;0;0;47;22;25;29,5;26,5106382978723;6,35155694855012;0;1;6;34;0;6;31;2;0;14;0;11;36;19;28;41;6;0;1;2;4;38;1;7;38;1;37;39;39;37,9347826086956;2,9844200919147;0;12;2;2;31;47;0;9;38;44;0;1;4;4;3;5;14;0;0;6;1;7;47;0;0;0;0;23;24;31;2;0;14;0;4;42;1;2895;3160;3577,5;3142,29787234043;621,82315796212;2;30;7;2;45;9,23404255319149;1,33860352212827;0;29
2016;"MUNICIPIO";"352660";97;0;89;0;16;27;25;21;7;1;0;0;97;22;27;31;26,2680412371134;5,85148746031996;0;0;20;66;5;5;73;2;0;20;0;43;53;40;57;95;2;0;2;0;7;83;3;9;83;3;38;39;39,5;38,2736842105263;2,62736056076006;0;15;12;13;54;97;0;36;61;90;5;0;17;15;19;7;23;1;2;2;0;7;96;1;0;0;0;52;45;73;2;0;20;0;9;86;2;2860;3170;3420;3100,37113402062;590,691972738817;7;81;4;0;94;10,1276595744681;9,28316089400262;0;97
2016;"MUNICIPIO";"352670";1192;0;1171;14;165;295;311;259;121;24;3;0;1178;21;27;32;26,6593959731544;6,52976873523105;2;57;339;608;33;152;838;28;1;317;1;718;471;476;716;1161;31;0;6;12;152;960;61;170;960;61;37;39;40;38,3643996641478;2,29794401087344;3;125;26;50;977;321;871;509;683;1148;39;4;86;317;93;265;221;17;16;29;4;142;1192;0;0;0;0;643;549;838;28;1;317;1;111;1040;41;2910;3195;3495;3158,78523489933;542,073350414251;77;929;125;8;1182;9,50420168067227;0,776807960112231;11;1180
2016;"MUNICIPIO";"352680";775;0;740;1;95;192;191;174;109;13;0;0;774;22;27;32;27,3212903225806;6,3352708898393;1;12;117;482;32;123;509;29;0;233;0;109;661;312;463;763;12;0;3;7;96;644;25;106;644;25;37;38;39;38,1251612903226;2,09554077892137;0;36;38;55;623;115;660;109;666;757;17;0;23;244;19;108;255;8;8;12;0;97;775;0;0;0;0;422;353;509;29;0;233;0;56;694;25;2899;3180;3451;3157,28387096774;496,79051776173;42;647;65;15;759;9,45090439276486;0,880751742098565;2;773
2016;"MUNICIPIO";"352690";3591;0;3552;12;398;833;972;832;449;88;7;0;3579;22;27;32;27,4878863826232;6,34498514626374;3;60;527;2205;147;645;2493;210;13;860;2;863;2721;1572;2019;3496;95;0;12;30;391;3077;81;433;3077;81;38;39;40;38,3815093288777;2,07769238150292;42;520;139;375;2495;49;3542;1293;2298;3411;171;6;828;467;601;234;887;62;68;93;6;342;3580;0;11;0;0;1845;1746;2493;210;13;860;2;352;3084;155;2880;3210;3507,5;3164,93929267613;549,220661005351;238;2892;353;19;3562;9,57777157218654;0,725741889176586;20;3570
2016;"MUNICIPIO";"352700";64;0;62;0;8;12;20;11;11;2;0;0;64;23;27,5;34;27,828125;6,46984381328127;0;3;16;32;2;11;49;1;0;14;0;31;33;24;40;64;0;0;0;0;8;52;4;8;52;4;37;38,5;40;38,421875;1,88397323726484;0;16;0;8;38;64;0;28;36;63;1;0;14;9;14;4;15;0;1;0;0;7;64;0;0;0;0;29;35;49;1;0;14;0;8;56;0;2810;3110;3421,25;3100,546875;491,500098651268;5;55;4;1;63;9,765625;0,729039104488241;1;63
2016;"MUNICIPIO";"352710";904;0;847;5;108;192;237;225;111;24;2;0;899;22;28;33;27,6050884955752;6,46996781225426;1;15;141;477;62;168;543;40;1;277;0;419;445;386;518;886;18;0;6;16;111;736;34;133;736;34;37;38;39;38,1450719822813;2,52525943658974;5;103;66;64;617;21;883;231;673;846;16;0;86;201;84;68;277;8;8;18;0;115;902;1;1;0;0;463;440;543;40;1;277;0;96;774;34;2873,75;3190;3456,25;3135,43584070796;546,475632706057;51;730;83;7;856;9,76361529548088;0,762960347725864;14;890
2016;"MUNICIPIO";"352720";1223;0;799;6;151;288;340;251;154;30;3;0;1217;22;27;32;27,1537203597711;6,47942106663287;2;6;178;807;39;175;785;51;0;335;0;649;565;481;742;1198;23;0;3;12;101;964;37;116;964;37;38;39;39;38,3482542524619;2,02925050516616;0;168;77;85;752;34;1189;175;1044;1141;31;0;132;244;82;74;407;12;17;23;0;97;1218;0;5;0;0;612;610;785;51;0;335;0;83;1102;38;2925;3215;3482,5;3178,16516762061;504,157145827717;81;894;108;11;1083;9,42047531992687;0,713599020181801;10;1192
2016;"MUNICIPIO";"352725";22;0;20;0;1;2;9;6;4;0;0;0;22;26,25;29;34;29,5454545454545;5,07775046487613;0;0;4;12;0;6;16;0;0;6;0;10;12;6;16;22;0;0;0;1;0;20;0;1;20;0;38;38;39;38,0952380952381;2,54764129941328;0;4;1;1;15;22;0;3;19;22;0;0;0;5;1;5;9;0;0;0;0;1;22;0;0;0;0;12;10;16;0;0;6;0;2;19;1;3065;3177,5;3547,5;3176,59090909091;675,659089798772;2;16;3;0;22;9,59090909090909;0,734139659030241;1;21
2016;"MUNICIPIO";"352730";755;0;727;2;85;174;214;191;68;20;1;0;753;23;27;32;27,3284768211921;6,04695790720352;0;16;101;508;28;99;419;38;0;297;0;308;443;331;424;741;14;0;4;5;45;694;5;54;694;5;38;39;40;38,6772908366534;1,89153407616997;2;77;19;23;620;409;346;282;473;729;17;4;141;151;127;65;187;9;5;13;4;46;754;0;1;0;0;362;393;419;38;0;297;0;60;661;34;2880;3210;3517,5;3176,01456953642;539,19995361009;70;594;74;7;747;9,4840848806366;0,845509204462531;8;747
2016;"MUNICIPIO";"352740";193;0;186;1;17;61;50;34;24;6;0;0;192;22;26;32;27,0414507772021;6,26816875578106;0;1;57;95;10;30;140;1;1;47;0;44;149;73;120;191;2;0;0;4;25;154;10;29;154;10;37;38;40;38,2124352331606;2,34996692733866;0;19;7;16;148;193;0;44;149;182;11;0;18;40;26;17;55;6;5;2;0;24;193;0;0;0;0;106;87;140;1;1;47;0;16;164;13;2830;3135;3470;3154,80829015544;531,481057138993;19;141;27;1;192;9,09844559585492;0,703893686037546;0;193
2016;"MUNICIPIO";"352750";27;0;27;1;5;7;5;4;4;1;0;0;26;20,5;25;32;26;7,30121170133371;0;2;5;17;1;2;19;1;0;7;0;13;14;11;16;27;0;0;0;0;3;24;0;3;24;0;37;38;39;38,1111111111111;1,73943698524581;0;5;2;2;18;27;0;13;14;26;1;0;3;5;3;4;8;1;0;0;0;3;27;0;0;0;0;14;13;19;1;0;7;0;3;22;2;2632,5;3055;3195;2983,14814814815;613,560147117668;5;20;2;0;27;9,7037037037037;0,668800005452637;0;27
2016;"MUNICIPIO";"352760";129;0;108;0;15;36;35;23;13;5;2;0;129;22;26;32;27,3488372093023;6,78538314456926;0;7;43;68;2;9;74;10;1;43;0;41;88;41;88;129;0;0;0;1;10;114;4;11;114;4;38;39;40;38,5891472868217;2,01406151804001;0;24;0;4;83;128;1;59;70;121;5;1;19;21;25;9;37;0;5;0;1;10;126;1;0;2;0;67;62;74;10;1;43;0;13;108;8;2888;3155;3512;3180,66666666667;566,520897305063;11;102;15;3;126;9,32558139534884;0,911410228520156;2;126
2016;"MUNICIPIO";"352770";57;0;55;1;7;10;25;9;5;0;0;0;56;21;27;29;26;5,67576300723398;0;1;14;31;1;9;31;0;0;26;0;34;23;21;36;55;2;0;0;0;11;44;2;11;44;2;37;39;39;38,2105263157895;1,80016707662356;0;3;4;2;47;28;29;14;43;56;1;0;8;8;6;3;20;0;1;2;0;9;57;0;0;0;0;33;24;31;0;0;26;0;3;52;2;2910;3230;3500;3222,01754385965;511,021263578703;1;49;5;0;57;9,59649122807017;0,650814026618286;0;57
2016;"MUNICIPIO";"352780";59;0;56;0;10;17;7;12;9;4;0;0;59;20,5;26;33,5;27,2033898305085;7,5401903868238;0;3;9;41;2;3;31;1;0;26;0;18;39;20;39;57;2;0;0;0;12;46;1;12;46;1;37;39;39;38,0508474576271;2,14495180247723;0;8;1;1;48;59;0;24;35;56;2;0;2;13;2;13;15;0;2;2;0;9;59;0;0;0;0;23;36;31;1;0;26;0;5;52;2;2834;3145;3517;3153;562,780290319778;3;45;8;0;58;9,17241379310345;0,704320776064349;1;57
2016;"MUNICIPIO";"352790";29;0;29;0;3;10;8;6;1;1;0;0;29;22;27;30;26,3448275862069;5,99568810580312;0;0;2;19;1;7;18;0;0;11;0;5;24;9;20;29;0;0;0;0;3;26;0;3;26;0;38;38;39;38,1034482758621;1,77974371321521;0;2;0;0;27;29;0;5;24;28;1;0;1;7;2;2;14;1;0;0;0;2;29;0;0;0;0;14;15;18;0;0;11;0;3;25;1;2860;3120;3570;3169,37931034483;519,941165201348;1;23;5;0;29;9,89655172413793;0,309934046694603;0;29
2016;"MUNICIPIO";"352800";200;0;195;4;26;49;64;39;15;3;0;0;196;21;26;30;26,25;6,23231165320811;0;4;56;119;6;13;119;5;0;75;0;40;158;77;123;195;5;0;4;0;26;162;8;30;162;8;37;38;39;38,095;2,39681006599653;0;15;4;14;164;79;121;29;171;192;7;0;7;55;8;23;73;2;3;5;0;23;200;0;0;0;0;96;104;119;5;0;75;0;16;173;11;2900;3180;3510;3174,52;574,384879281949;10;154;26;1;198;9,678391959799;0,694193396579239;2;198
2016;"MUNICIPIO";"352810";78;0;74;0;14;13;27;18;5;1;0;0;78;22;26;31;26,3461538461538;5,88819405003174;0;0;13;48;4;12;54;2;0;19;0;31;46;36;42;78;0;0;1;1;9;64;3;11;64;3;37;38;39;38,0512820512821;2,50141485105455;1;13;2;2;58;78;0;9;69;75;2;0;9;21;4;8;23;1;1;0;0;10;78;0;0;0;0;39;39;54;2;0;19;0;11;64;3;2757,5;3130;3497,5;3080,34615384615;622,48704835894;7;59;10;0;77;9,62337662337662;0,669622066207205;1;77
2016;"MUNICIPIO";"352820";37;0;37;0;8;6;9;9;5;0;0;0;37;21;25;32;26,3243243243243;7,05554964412984;0;0;4;24;2;7;27;3;0;7;0;10;27;16;21;37;0;0;0;0;4;33;0;4;33;0;37;38;39;37,9189189189189;1,67296108705457;0;4;2;2;29;37;0;6;31;36;1;0;5;10;4;4;9;0;1;0;0;4;37;0;0;0;0;21;16;27;3;0;7;0;5;31;1;2835;3180;3400;3117,13513513513;493,270050116913;3;31;3;0;37;9,75675675675676;0,547996624351191;0;37
2016;"MUNICIPIO";"352830";32;0;27;0;6;9;11;3;3;0;0;0;32;21;25;28;25;6,35508432471148;0;1;4;22;0;4;23;0;0;8;0;13;18;13;19;30;2;0;0;1;12;17;2;13;17;2;35,75;37;38,25;37,0625;2,88418938128147;0;6;3;0;20;31;1;5;27;29;2;0;2;4;0;1;8;1;1;2;0;12;31;0;1;0;0;15;17;23;0;0;8;0;3;29;0;2870;3053,5;3316,25;3067,71875;377,762191312847;2;20;6;0;31;9,74193548387097;0,444802722974569;1;29
2016;"MUNICIPIO";"352840";625;0;571;3;98;139;152;145;71;14;3;0;622;21;27;32;26,9456;6,59352712893486;1;12;118;364;36;88;408;27;4;167;0;226;392;252;373;619;6;0;3;10;69;529;11;82;529;11;38;39;40;38,2877813504823;2,25916887880673;1;143;40;54;353;618;7;194;431;605;16;2;94;120;69;63;175;7;7;6;2;78;619;1;5;0;0;317;308;408;27;4;167;0;54;538;33;2875;3185;3495;3158,8048;558,349536961965;39;504;69;7;616;9,5569823434992;0,819504130915805;5;619
2016;"MUNICIPIO";"352850";1066;0;1030;4;145;271;254;224;126;36;6;0;1062;22;27;32;27,1744840525328;6,74175176565397;1;35;210;609;70;136;559;22;1;472;1;638;423;394;672;1036;30;0;9;10;110;918;16;129;918;16;38;39;40;38,3424270931326;2,20540265786841;9;170;102;109;658;672;394;460;606;1019;43;2;109;213;139;148;283;19;16;30;2;102;1058;2;6;0;0;556;510;559;22;1;472;1;98;915;53;2850;3192,5;3510;3149,16791744841;597,850054954568;80;839;110;11;1051;9,67514124293785;2,87583512090212;12;1053
2016;"MUNICIPIO";"352860";94;0;73;1;15;16;27;23;9;3;0;0;93;23;28;32;27,2446808510638;6,63436178909936;0;2;31;52;4;3;62;6;0;16;0;21;70;34;60;92;2;1;0;0;11;75;3;12;75;3;37,25;39;39;38,2444444444444;2,53652469987159;0;9;3;3;72;94;0;34;60;87;4;0;19;6;12;12;22;1;3;2;0;12;94;0;0;0;0;57;37;62;6;0;16;0;6;83;5;2847,5;3155;3397,5;3125,06382978723;515,032576660675;6;74;6;1;91;9,54347826086956;1,14270782588831;1;86
2016;"MUNICIPIO";"352870";35;0;35;0;7;10;6;6;5;1;0;0;35;20;25;33,5;25,9428571428571;7,13295111413492;0;0;5;23;0;7;24;0;0;11;0;14;21;17;18;33;2;0;0;0;2;33;0;2;33;0;38;39;39;38,5428571428571;1,24482120480524;0;7;5;6;17;35;0;6;29;35;0;0;12;1;6;0;12;0;0;2;0;2;35;0;0;0;0;17;18;24;0;0;11;0;5;29;1;2700;2990;3495;3040,42857142857;544,014721130525;5;26;2;0;35;9,25714285714286;0,610826688756704;0;35
2016;"MUNICIPIO";"352880";143;0;134;0;23;39;37;28;13;3;0;0;143;21,5;26;30;26,1188811188811;5,97469960408113;0;1;23;85;10;23;117;4;0;16;0;16;124;62;81;141;2;0;0;0;13;129;1;13;129;1;37;38;39;38,0629370629371;1,49278444439225;0;21;0;3;117;59;84;37;106;134;7;1;19;36;18;18;28;2;5;2;1;13;143;0;0;0;0;73;70;117;4;0;16;0;10;129;4;2935;3140;3407,5;3142,98601398601;471,754874669934;10;118;13;0;142;9,91549295774648;0,347084263206585;2;140
2016;"MUNICIPIO";"352885";33;0;31;0;2;7;15;7;2;0;0;0;33;24;27;30;26,7575757575758;4,84787519841362;0;0;4;21;2;4;29;0;0;4;0;6;27;20;13;33;0;0;0;0;3;30;0;3;30;0;39;39;39;38,6363636363636;1,19420951412906;0;2;1;0;30;32;1;6;27;32;1;0;3;15;1;2;9;1;0;0;0;2;32;0;0;1;0;19;14;29;0;0;4;0;1;31;1;2875;3110;3345;3148,45454545455;416,952192321636;1;30;2;0;33;9,54545454545454;0,665719023448946;0;33
2016;"MUNICIPIO";"352890";38;0;38;0;6;12;8;9;3;0;0;0;38;22;25;30;25,9473684210526;5,81213720016746;0;0;4;28;1;5;24;1;0;13;0;6;32;16;22;38;0;0;0;0;4;31;3;4;31;3;38;39;40;38,7894736842105;1,98858763864861;0;4;1;2;31;38;0;2;36;37;1;0;4;8;2;1;18;1;0;0;0;4;38;0;0;0;0;17;21;24;1;0;13;0;4;31;3;2953,75;3316,5;3595;3260,81578947368;525,670683843091;1;32;4;0;38;8,89473684210526;0,727434354211468;1;37
2016;"MUNICIPIO";"352900";2980;0;2858;11;361;647;720;713;438;84;6;0;2969;22;28;33;27,7818791946309;6,613489360097;2;25;365;1756;169;645;2099;79;18;734;4;583;2372;1209;1771;2905;75;1;13;37;339;2523;64;390;2523;64;38;39;39;38,2317769566678;2,19543100667583;15;516;130;144;2104;34;2946;921;2058;2839;121;3;204;785;182;453;837;48;53;73;3;324;2962;6;5;7;0;1510;1469;2099;79;18;734;4;301;2563;116;2870;3180;3480,5;3137,94060402685;576,127236214765;182;2431;270;46;2909;9,27648054145516;0,917577430209739;31;2942
2016;"MUNICIPIO";"352910";15;0;13;0;2;5;5;1;2;0;0;0;15;22;25;27;24,9333333333333;5,65011588587434;0;0;4;8;0;3;11;0;0;4;0;3;12;3;12;15;0;0;0;0;1;14;0;1;14;0;38;39;39;38,6666666666667;1,04653623694457;0;3;0;0;10;15;0;2;13;15;0;0;0;3;3;3;5;0;0;0;0;1;15;0;0;0;0;5;10;11;0;0;4;0;0;14;1;3202,5;3280;3492,5;3356,33333333333;320,777329682282;0;14;1;0;15;9,73333333333333;0,457737708217063;0;15
2016;"MUNICIPIO";"352920";270;0;231;2;38;68;64;55;37;6;0;0;268;22;27;32;26,9555555555556;6,68557417927343;1;3;50;171;13;32;171;24;0;54;1;68;190;109;161;268;2;0;0;3;28;234;5;31;234;5;38;38;39;38,1666666666667;1,89256027291526;0;31;2;10;214;115;155;44;226;257;13;0;49;43;25;22;90;5;8;2;0;26;269;0;0;1;0;137;133;171;24;0;54;1;20;243;7;2890;3190;3450;3155,43703703704;494,420709546397;10;231;23;4;261;9,40754716981132;0,865992392848301;2;268
2016;"MUNICIPIO";"352930";886;0;825;6;110;219;251;189;93;18;0;0;880;22;27;31;26,793453724605;6,16562385731027;1;18;125;556;38;132;486;27;0;354;0;379;496;382;504;868;18;0;7;6;90;753;30;103;753;30;37;38;39;38,0665914221219;2,17148211670232;0;87;80;81;602;68;818;142;744;838;20;0;55;257;51;62;315;9;9;18;0;82;886;0;0;0;0;461;425;486;27;0;354;0;79;771;36;2880;3180;3461,5;3146,97291196388;550,700030469578;61;723;75;9;866;9,86514285714286;0,638296195620991;6;880
2016;"MUNICIPIO";"352940";5908;0;5666;28;803;1426;1594;1240;658;148;10;1;5879;22;27;32;26,9207853757617;6,50200744555489;3;61;894;3882;245;804;2814;395;18;2557;2;2355;3522;2511;3397;5782;126;2;36;43;546;5199;76;627;5199;76;38;39;39;38,331751948492;2,06151909695153;33;683;258;510;4345;2192;3716;2046;3862;5702;185;4;508;1667;333;933;1643;66;80;125;4;526;5888;12;7;1;0;3003;2903;2814;395;18;2557;2;502;5180;226;2885;3180;3470;3150,87660798917;530,541716989911;392;4860;509;42;5840;9,35073104386263;1,81284886089139;34;5868
2016;"MUNICIPIO";"352950";66;0;60;0;10;13;18;19;5;1;0;0;66;21;27;31;26,5757575757576;5,94088987393071;0;6;7;39;1;12;48;1;0;14;0;28;36;33;33;64;2;0;0;0;4;58;2;4;58;2;38;39;39;38,5625;1,62202107907153;0;8;1;2;53;66;0;9;57;62;3;0;12;16;3;5;19;2;1;2;0;3;66;0;0;0;0;40;26;48;1;0;14;0;3;59;4;3020;3290;3563,75;3269,31818181818;523,908070594037;2;50;9;0;65;9,66153846153846;0,593636122682781;1;65
2016;"MUNICIPIO";"352960";33;0;32;0;4;6;6;11;4;2;0;0;33;22;30;33;28,3333333333333;6,49839723829397;0;1;6;19;2;4;19;1;0;13;0;8;25;13;20;31;2;0;0;0;6;27;0;6;27;0;38;39;40;38,2727272727273;1,89196867166067;0;4;0;2;27;33;0;8;25;31;2;0;4;7;3;4;7;1;1;2;0;4;33;0;0;0;0;17;16;19;1;0;13;0;4;29;0;2940;3315;3520;3187,42424242424;495,216368766158;0;28;3;0;33;9,51515151515152;0,618527087180309;0;33
2016;"MUNICIPIO";"352965";29;0;25;0;4;8;9;4;1;3;0;0;29;21;26;30;26,3103448275862;6,91841976319047;0;0;7;16;3;3;22;1;0;6;0;10;19;9;20;29;0;0;0;0;1;28;0;1;28;0;38;38;39;38,448275862069;0,985110831203116;0;6;0;2;17;28;1;5;24;29;0;0;5;4;4;2;13;0;0;0;0;1;28;1;0;0;0;14;15;22;1;0;6;0;0;29;0;2890;3255;3565;3271,24137931034;389,481491873895;1;24;4;0;29;9,86206896551724;0,350931203171798;0;29
2016;"MUNICIPIO";"352970";222;0;195;0;38;67;55;43;14;5;0;0;222;21;25;30;25,8783783783784;6,33160435024467;2;16;51;118;7;27;116;13;0;83;0;41;179;91;131;216;6;0;2;2;42;173;2;46;173;2;37;38;38;37,6108597285068;2,13044376155381;0;26;7;13;161;28;194;27;195;210;9;0;11;59;7;21;67;3;6;6;0;40;222;0;0;0;0;111;111;116;13;0;83;0;19;198;5;2801;3051;3328,25;3043,65765765766;525,167820546418;15;183;16;1;220;9,60180995475113;0,663870455661684;0;221
2016;"MUNICIPIO";"352980";119;0;109;1;15;36;26;22;16;3;0;0;118;21,5;27;32;26,9411764705882;6,67184079704669;0;5;32;66;4;12;86;3;0;21;0;39;79;49;70;117;2;0;2;0;9;108;0;11;108;0;38;39;39,5;38,2857142857143;2,44998394025472;1;9;5;6;98;119;0;47;72;114;0;5;12;28;24;15;26;0;0;0;5;9;119;0;0;0;0;65;54;86;3;0;21;0;8;109;2;2847,5;3130;3415;3094,32773109244;540,165513072248;9;99;9;2;117;9,7563025210084;0,812679044727593;1;118
2016;"MUNICIPIO";"352990";319;0;308;2;63;86;70;65;29;4;0;0;317;20;25;31;25,7805642633229;6,47846929918479;3;14;78;202;10;12;131;11;1;171;5;71;247;119;200;311;8;0;5;4;18;286;3;27;286;3;38;39;40;38,5791139240506;2,57153042684438;1;64;17;20;212;311;8;214;104;309;9;1;59;44;76;39;60;3;6;7;1;22;316;0;2;1;0;167;152;131;11;1;171;5;27;260;32;2987,5;3292;3642;3268,47021943574;631,290924240614;12;248;48;6;313;9,67084639498433;1,09089841151953;1;316
2016;"MUNICIPIO";"353000";30;0;30;0;5;9;9;5;1;1;0;0;30;21,25;26,5;29;25,7666666666667;5,91714827245024;0;1;4;19;1;5;19;1;0;10;0;8;22;13;17;28;2;0;0;1;6;23;0;7;23;0;37;38;39;37,5;2,25526204609392;0;1;0;0;29;30;0;5;25;26;4;0;5;5;1;4;5;0;4;2;0;4;30;0;0;0;0;19;11;19;1;0;10;0;7;20;3;2562,5;3097,5;3460;3027,26666666667;741,554282586911;3;22;3;1;29;9,46666666666667;0,937102406111643;0;30
2016;"MUNICIPIO";"353010";283;0;120;1;32;78;75;58;32;7;0;0;282;22;26;32;26,8445229681979;6,43934025149088;0;6;41;175;11;50;196;7;4;75;0;58;218;105;178;281;2;0;4;7;30;221;7;41;221;7;38;39;39;37,9814126394052;2,79719146405034;1;38;18;14;206;65;218;48;235;242;8;1;37;39;29;6;84;4;4;2;1;33;283;0;0;0;0;129;154;196;7;4;75;0;18;254;11;2850;3170;3475;3163,74204946996;496,376216310964;18;213;32;4;279;9,3886925795053;0,93255505086188;2;137
2016;"MUNICIPIO";"353020";180;0;141;2;36;49;39;30;20;4;0;0;178;21;25;31,25;25,8833333333333;6,84405299895566;2;9;24;116;7;20;96;4;1;72;1;46;134;68;112;179;1;0;0;3;17;158;2;20;158;2;38;39;40;38,6611111111111;1,98081267924731;0;35;6;7;105;180;0;48;132;172;4;1;41;16;26;14;58;2;2;1;1;16;179;0;0;1;0;97;82;96;4;1;72;1;18;152;10;2915;3250;3537,75;3193,05555555556;559,624192757784;7;153;17;1;179;9,53333333333333;0,814669964364704;1;178
2016;"MUNICIPIO";"353030";710;0;679;2;71;170;175;190;87;15;0;0;708;23;28;32;27,5943661971831;6,18282546234878;0;12;108;390;38;161;583;32;2;89;0;241;463;297;413;695;15;0;8;7;67;621;7;82;621;7;38;39;39;38,1295774647887;2,23577745057916;1;95;38;50;503;324;386;120;590;680;28;1;145;115;67;38;246;8;11;15;1;63;710;0;0;0;0;351;359;583;32;2;89;0;79;603;28;2835;3187,5;3490;3128,98309859155;604,282945660671;53;576;66;8;701;9,47954866008463;0,849520848308488;8;702
2016;"MUNICIPIO";"353040";50;0;49;0;8;11;16;10;3;2;0;0;50;21,25;26;30,75;26,38;6,2593277333488;0;3;11;30;2;4;42;2;0;6;0;26;24;21;29;50;0;0;0;0;4;46;0;4;46;0;38;38,5;39;38,28;1,53914898298921;0;3;0;1;46;50;0;7;43;47;3;0;5;15;2;5;17;1;2;0;0;3;50;0;0;0;0;25;25;42;2;0;6;0;5;42;3;2908,75;3085;3431,5;3108,9;553,851422277838;4;43;3;0;50;9,6;0,63887656499994;1;48
2016;"MUNICIPIO";"353050";793;0;767;1;124;191;193;176;97;11;0;0;792;21;27;32;26,7414880201765;6,43322392002816;0;18;150;464;31;124;621;37;0;131;0;317;473;363;430;772;21;2;7;6;95;656;22;110;656;22;38;39;40;38,2182741116751;2,51108264030063;0;158;26;26;571;28;765;255;538;762;27;2;112;184;69;105;180;12;11;21;2;90;792;1;0;0;0;397;396;621;37;0;131;0;69;693;31;2895;3175;3470;3146,54098360656;536,603997044357;50;639;69;12;780;9,21212121212121;0,878427825266149;9;784
2016;"MUNICIPIO";"353060";6247;0;6199;27;877;1486;1591;1343;722;187;14;0;6220;22;27;32;27,1128541700016;6,60370651763669;4;81;924;3840;336;1055;3393;266;79;2495;4;2976;3259;2415;3832;6114;133;2;25;51;466;5686;16;544;5686;16;38;39;39;38,3341338456612;1,85579665136722;85;962;238;247;4708;623;5624;2986;3261;6138;98;6;522;1619;345;1521;1582;43;32;130;6;441;6197;8;31;11;0;3190;3056;3393;266;79;2495;4;570;5428;248;2875;3180;3485;3143,84886327249;550,515495713904;442;5140;523;31;6187;9,38774525570923;1,3593601772306;57;6189
2016;"MUNICIPIO";"353070";1909;0;647;7;256;475;485;417;215;52;2;0;1902;22;27;32;27,0041906757465;6,44066477333928;3;33;411;1111;55;268;1178;51;0;144;0;875;998;882;1027;1840;68;1;17;24;198;1636;13;240;1636;13;37;38;39;38,1005823186871;2,25363282047873;2;209;64;93;963;134;1775;675;1234;1676;50;2;450;218;282;119;379;26;16;67;2;166;1899;0;9;1;0;964;945;1178;51;0;144;0;207;1623;79;2865;3190;3490;3133,38763750655;581,20576572436;95;1553;170;26;1871;9,66104375329468;0,958817379141907;17;1607
2016;"MUNICIPIO";"353080";1101;0;1027;3;145;255;274;248;150;25;1;0;1098;22;27;32;27,3115349682107;6,46192650037712;0;21;215;618;48;195;795;44;2;220;2;487;610;511;590;1070;31;0;2;21;113;936;28;136;936;28;38;39;40;38,3363636363636;2,18055461522468;3;133;52;70;819;143;958;382;719;1040;42;1;207;215;122;81;285;19;20;30;1;106;1098;1;1;1;0;572;529;795;44;2;220;2;121;923;57;2885;3220;3520;3163,86376021798;575,096514875415;83;868;116;5;1093;9,75045537340619;0,577317194792592;13;1075
2016;"MUNICIPIO";"353090";49;0;49;0;11;9;14;8;4;3;0;0;49;20;26;31;26,2448979591837;7,02237677073824;1;4;10;29;4;1;32;1;0;16;0;13;36;17;32;47;2;0;0;0;3;45;1;3;45;1;38;40;40;39,265306122449;1,55155177972573;0;16;0;1;32;49;0;20;29;48;1;0;10;6;10;5;14;0;0;2;0;2;49;0;0;0;0;28;21;32;1;0;16;0;3;43;3;2905;3220;3495;3224,38775510204;459,168896682116;5;36;6;0;49;9,53061224489796;0,504233775822556;0;49
2016;"MUNICIPIO";"353100";24;0;24;0;5;3;7;7;2;0;0;0;24;21,75;26,5;31;26,4583333333333;5,97079243642254;0;0;3;19;0;2;19;0;0;5;0;10;14;8;16;24;0;0;0;0;4;20;0;4;20;0;38;39;39;38,375;1,92946264202148;0;5;0;0;19;24;0;3;21;24;0;0;4;3;2;2;9;0;0;0;0;4;24;0;0;0;0;17;7;19;0;0;5;0;0;23;1;3047,5;3327,5;3435,5;3305,375;389,924051969544;1;18;5;0;24;9,625;0,646898957233327;0;24
2016;"MUNICIPIO";"353110";714;0;697;8;139;185;165;130;75;12;0;0;706;20;25;30;25,7857142857143;6,62120931121629;4;25;147;463;25;50;324;40;4;337;6;482;231;247;467;700;14;0;1;9;56;639;9;66;639;9;38;39;40;38,546218487395;1,98909184839937;10;137;58;61;439;698;16;390;324;692;20;1;125;92;169;52;190;7;10;14;1;53;710;1;3;0;0;372;340;325;40;4;337;5;54;610;50;2925;3242,5;3548,75;3214,04621848739;559,646499168862;40;573;83;9;704;9,24123422159888;0,824917185054369;10;702
2016;"MUNICIPIO";"353120";54;0;53;0;5;11;16;15;6;1;0;0;54;23,25;29;32,75;28;6,14909105109991;0;3;15;24;0;12;39;2;0;13;0;24;30;22;32;52;2;0;0;0;8;46;0;8;46;0;38;39;40;38,4444444444444;1,47516122133508;1;10;0;2;40;54;0;11;43;54;0;0;16;3;11;3;13;0;0;2;0;6;54;0;0;0;0;32;22;39;2;0;13;0;3;50;1;2999;3205;3489;3219,40740740741;431,007136416798;2;45;5;0;54;9,74074074074074;0,520710153148461;1;53
2016;"MUNICIPIO";"353130";520;0;499;1;51;110;155;119;75;9;0;0;519;23;28;33;27,7826923076923;6,09659626297945;0;7;120;267;9;115;376;12;0;125;0;73;441;232;288;504;16;0;1;2;55;454;8;58;454;8;37;38;39;38,1230769230769;1,75587265489232;0;93;16;14;393;47;473;41;479;464;49;0;39;143;15;29;178;18;31;16;0;44;519;1;0;0;0;266;254;376;12;0;125;0;38;474;8;2873,75;3152,5;3431,25;3134,33461538462;463,926364865366;26;438;37;5;514;9,54913294797688;0,700933065154864;4;513
2016;"MUNICIPIO";"353140";239;0;205;1;27;43;71;62;31;3;0;1;237;23;28;32;27,7740585774059;6,43709025396807;0;3;43;138;6;46;167;8;0;58;0;87;148;96;143;231;8;0;2;3;39;188;3;44;188;3;37;38;39;37,6936170212766;2,30934595537121;0;38;6;10;178;195;44;26;212;204;14;1;16;40;12;10;80;7;6;8;1;35;239;0;0;0;0;121;118;167;8;0;58;0;27;204;8;2862;3195;3469;3106,07949790795;629,568738244313;16;190;21;1;236;9,54852320675105;0,619909722522408;2;235
2016;"MUNICIPIO";"353150";208;0;198;0;29;50;63;42;21;3;0;0;208;22;27;30,25;26,6490384615385;6,09402170329682;0;4;63;107;6;28;176;3;0;27;1;86;122;86;122;206;2;0;1;5;29;172;1;35;172;1;37;38;38;37,5144230769231;2,12184034009085;0;38;11;11;139;46;162;18;190;202;6;0;52;14;16;4;80;4;2;2;0;34;208;0;0;0;0;106;102;176;3;0;27;1;17;190;1;2798,75;3070;3361,25;3046,64903846154;470,982493391417;16;178;12;1;207;9,81730769230769;0,783457259107831;1;207
2016;"MUNICIPIO";"353160";39;0;33;0;8;10;6;10;5;0;0;0;39;20,5;28;33;26,8461538461538;7,08050868503573;0;0;9;20;3;7;29;0;0;8;0;10;29;18;21;39;0;1;0;0;8;29;0;9;29;0;37;38;39;37,4210526315789;3,50776419857874;1;4;2;3;27;39;0;10;29;35;2;0;10;4;3;1;9;0;2;0;0;8;39;0;0;0;0;21;18;29;0;0;8;0;2;34;3;2950;3192;3448;3181,74358974359;645,002150871514;1;31;5;1;38;9,64102564102564;0,902837033938879;0;38
2016;"MUNICIPIO";"353170";23;0;22;0;3;3;6;2;8;0;1;0;23;24,5;29;36;29,8695652173913;7,46692310871502;0;2;5;12;0;4;13;0;0;9;0;6;17;5;18;23;0;0;0;0;1;22;0;1;22;0;38;38;39;38,3478260869565;1,5257992138898;1;6;1;2;13;23;0;15;8;23;0;0;0;5;7;7;3;0;0;0;0;1;22;1;0;0;0;7;16;13;0;0;9;0;0;23;0;2822,5;3160;3337,5;3149,5652173913;396,44417537621;0;20;3;0;23;9,60869565217391;0,499010879347845;0;23
2016;"MUNICIPIO";"353180";915;0;818;9;153;245;243;161;89;14;1;0;906;21;25;30,5;25,9639344262295;6,36729624938435;5;16;195;580;35;72;456;55;1;390;0;467;440;359;556;897;18;0;0;11;76;820;7;87;820;7;38;39;40;38,5043763676149;1,83267247044626;1;106;60;59;645;359;556;286;628;875;29;1;124;178;118;124;246;13;12;17;1;71;914;0;0;1;0;475;440;456;55;1;390;0;67;807;41;2900;3200;3495;3186,1868852459;500,063482887454;56;755;85;5;900;9,7414364640884;0,628856361714581;4;890
2016;"MUNICIPIO";"353190";393;0;383;5;68;109;91;80;29;11;0;0;388;21;25;31;25,9618320610687;6,61985793533135;0;15;110;208;7;53;174;22;0;196;0;158;235;177;216;386;7;0;5;4;26;355;3;35;355;3;38;38;39;38,1068702290076;2,11017424223838;1;51;8;10;314;121;272;53;340;378;15;0;100;54;39;23;128;6;6;7;0;30;392;0;1;0;0;203;190;174;22;0;196;0;32;351;10;2890;3210;3485;3140,16284987277;576,314472637508;20;339;27;3;390;9,78371501272265;0,881522014150643;4;389
2016;"MUNICIPIO";"353200";156;0;144;1;20;33;38;45;15;4;0;0;155;22;28;31,25;27,2435897435897;6,25209311518362;1;0;40;90;4;21;104;4;1;39;0;46;109;60;96;152;4;0;1;1;28;122;3;30;122;3;37;38;40;38,058064516129;2,43949832419141;1;16;10;11;116;155;1;53;103;150;2;2;24;23;21;18;38;0;2;2;2;24;155;0;1;0;0;84;72;104;4;1;39;0;18;135;3;2857,5;3160;3470,5;3115,98076923077;517,881222789661;10;128;12;3;153;9,67307692307692;0,997826421898224;5;151
2016;"MUNICIPIO";"353205";68;0;60;0;6;21;13;16;12;0;0;0;68;22;26,5;33;27,3235294117647;6,43089830653329;1;3;13;35;2;10;35;0;0;29;0;14;50;26;42;66;2;0;0;1;3;63;1;4;63;1;38;39;39;38,3676470588235;1,82768438247185;0;7;8;5;42;67;1;16;52;59;5;0;2;20;6;7;23;0;3;2;0;1;67;0;0;1;0;34;34;35;0;0;29;0;4;63;1;3043,75;3192,5;3450;3163,92647058824;502,205741158969;4;60;2;1;61;9,7741935483871;0,733716227780546;0;68
2016;"MUNICIPIO";"353210";25;0;2;2;7;6;3;4;0;3;0;0;23;18;21;30;24,24;8,33306666239986;0;1;8;15;0;1;15;0;0;10;0;15;10;12;13;25;0;0;0;0;1;24;0;1;24;0;38;39;39;38,56;1,19303534454489;0;0;4;2;17;25;0;3;22;25;0;0;10;1;5;0;8;0;0;0;0;1;25;0;0;0;0;14;11;15;0;0;10;0;0;23;2;2900;3240;3500;3301,76;501,12883240407;2;18;5;0;25;9,6;0,577350269189626;0;2
2016;"MUNICIPIO";"353215";40;0;39;0;6;12;8;10;2;2;0;0;40;21;25,5;30,25;26,025;6,57691183084958;0;1;6;27;1;5;22;1;0;17;0;8;32;15;25;40;0;0;0;0;6;31;3;6;31;3;37;38;39;38,3;2,15073034703122;0;2;0;0;37;40;0;10;30;39;1;0;6;7;3;3;14;0;1;0;0;6;40;0;0;0;0;21;19;22;1;0;17;0;4;34;2;2852,5;3120;3400;3167,275;482,14041935349;5;28;5;0;40;9,55;0,503831473655779;0;40
2016;"MUNICIPIO";"353220";80;0;65;1;20;23;18;14;2;2;0;0;79;19;23,5;29;24,3125;6,21267334780948;0;2;11;56;5;6;42;4;1;33;0;27;51;35;45;80;0;0;0;0;12;68;0;12;68;0;37;39;39;38,35;1,5919099268457;0;7;3;2;55;80;0;32;48;77;3;0;12;17;13;5;19;0;3;0;0;11;80;0;0;0;0;37;43;42;4;1;33;0;3;74;3;2873,75;3230,5;3507,5;3193,2875;445,659579276903;5;70;5;1;79;9,5375;0,940559354179298;0;80
2016;"MUNICIPIO";"353230";58;0;56;0;13;16;13;10;4;2;0;0;58;20;24,5;30;25,4827586206897;6,58078377273717;1;2;16;34;2;3;43;0;0;14;0;33;25;24;34;58;0;0;0;0;5;51;2;5;51;2;38;39;40;38,8448275862069;1,92674367724982;0;11;8;6;33;58;0;27;31;58;0;0;8;13;15;3;14;0;0;0;0;5;58;0;0;0;0;35;23;43;0;0;14;0;5;49;4;2950;3175;3507,5;3195,20689655172;524,933939323185;7;47;3;1;57;9,18965517241379;0,736442290630377;0;57
2016;"MUNICIPIO";"353240";207;0;186;3;43;53;38;44;25;1;0;0;204;20;25;31;25,792270531401;6,636932424255;0;8;69;112;5;13;139;9;1;53;0;92;113;65;142;201;6;0;0;1;20;180;5;21;180;5;37,25;38;39;38,3398058252427;1,92063707955994;1;54;12;22;105;144;63;66;141;201;5;0;34;16;39;12;75;1;3;6;0;19;204;1;0;2;0;102;105;139;9;1;53;0;17;183;7;2882,5;3170;3410;3124,87922705314;521,922854381386;16;164;16;2;205;9,53140096618358;0,885552577531045;3;203
2016;"MUNICIPIO";"353250";92;0;91;0;10;23;24;20;10;5;0;0;92;22;27,5;32;27,6195652173913;6,70712658756595;0;0;20;46;5;21;75;4;0;13;0;58;34;48;44;86;6;0;1;0;20;71;0;21;71;0;37;38;39;37,3152173913044;2,46705478108635;1;11;7;5;67;91;1;8;84;88;4;0;8;26;1;7;26;2;2;6;0;14;91;0;0;1;0;48;44;75;4;0;13;0;18;72;2;2678,75;3068;3422;2979,11956521739;638,265865621366;6;76;4;0;92;9,6304347826087;0,624013794302796;0;92
2016;"MUNICIPIO";"353260";93;0;85;0;8;27;27;18;12;0;1;0;93;21;28;31;27,1612903225806;6,02402855704561;0;0;15;54;3;19;70;3;0;15;0;31;59;42;51;90;3;0;1;0;13;74;5;14;74;5;37;38;39;38,2365591397849;2,30970471226898;1;10;2;5;72;53;40;8;85;88;3;0;11;22;3;7;33;1;0;3;0;11;93;0;0;0;0;51;42;70;3;0;15;0;7;85;1;2825;3140;3385;3059,23655913978;521,990200596205;4;79;4;0;91;9,68131868131868;0,513790291831662;0;91
2016;"MUNICIPIO";"353270";74;0;64;2;15;14;25;14;4;0;0;0;72;20;25,5;29;25,0675675675676;5,84111802274582;0;5;16;43;2;6;52;0;0;20;0;23;48;29;45;72;2;0;0;0;10;58;2;10;58;2;37;39;39;38,2571428571429;1,81527906814299;1;7;2;6;55;74;0;16;58;69;2;0;10;9;8;10;19;1;1;2;0;8;74;0;0;0;0;28;46;52;0;0;20;0;5;64;5;2956,25;3215;3513,75;3211,55405405405;521,448775821036;1;57;9;1;72;9,6986301369863;0,908064662205184;0;74
2016;"MUNICIPIO";"353280";73;0;73;0;8;21;20;14;8;2;0;0;73;22;26;31;27;6,15990620419211;0;0;19;48;3;3;55;6;0;12;0;48;25;32;41;71;2;0;0;0;5;68;0;5;68;0;38;38;39;38,3150684931507;1,26794576129141;0;1;3;6;63;73;0;17;56;70;3;0;7;22;9;9;19;2;1;2;0;2;73;0;0;0;0;36;37;55;6;0;12;0;4;65;4;2972;3264;3510;3256,8904109589;460,949248882848;5;57;9;1;72;9,75342465753425;0,682740025310762;1;72
2016;"MUNICIPIO";"353282";149;0;148;2;34;50;38;19;5;1;0;0;147;20;24;28;24,1006711409396;5,70768207608496;0;8;43;92;0;6;128;1;0;20;0;10;139;63;86;145;4;0;0;5;12;132;0;17;132;0;38;39;39;38,1677852348993;1,89737615614001;0;37;7;7;97;149;0;81;68;139;9;1;9;44;8;38;29;4;3;3;1;10;149;0;0;0;0;72;77;128;1;0;20;0;14;128;7;2859;3120;3460;3090,90604026846;533,882342821695;9;126;10;4;145;9,13422818791946;0,905372240310248;3;146
2016;"MUNICIPIO";"353284";16;0;16;0;2;3;5;4;2;0;0;0;16;22,75;27,5;30,5;26,875;5,95399025864168;0;1;1;7;1;6;14;0;0;2;0;5;11;8;8;16;0;0;0;0;1;15;0;1;15;0;38,75;39;39;38,8125;1,04682058316281;0;1;1;1;13;16;0;7;9;15;1;0;2;6;1;2;3;0;1;0;0;1;16;0;0;0;0;8;8;14;0;0;2;0;0;15;1;3258,75;3427,5;3586,25;3436,875;322,556842535803;0;15;1;0;16;9,9375;0,25;1;15
2016;"MUNICIPIO";"353286";23;0;23;0;5;7;6;3;2;0;0;0;23;21;24;27,5;24,7826086956522;5,43520946940268;0;0;5;17;0;1;18;1;0;4;0;11;12;9;14;23;0;0;0;0;0;22;1;0;22;1;38;39;39;38,8260869565217;1,07247267026181;0;6;1;4;12;23;0;4;19;23;0;0;0;9;2;3;9;0;0;0;0;0;23;0;0;0;0;12;11;18;1;0;4;0;0;22;1;3172,5;3280;3440;3303,26086956522;327,263477032206;1;21;1;0;23;9,82608695652174;0,38755338788159;0;23
2016;"MUNICIPIO";"353290";126;0;116;0;17;29;29;33;16;2;0;0;126;22;28;32;27,2777777777778;6,42201076160903;0;5;22;79;0;15;61;12;0;46;0;28;92;50;76;124;2;0;0;2;12;106;5;14;106;5;38;38;39;38,08;2,10452661139376;0;20;4;4;91;54;72;13;113;112;9;0;3;37;3;15;41;3;6;2;0;11;126;0;0;0;0;62;64;61;12;0;46;0;8;112;6;2796,25;3087,5;3388,75;3110,20634920635;471,716208200826;9;95;16;0;121;9,86776859504132;0,482046829681007;1;125
2016;"MUNICIPIO";"353300";264;0;262;1;46;74;67;40;32;4;0;0;263;20,75;25;30;25,8333333333333;6,57066492189663;0;6;62;169;9;17;200;15;0;49;0;174;90;109;155;258;6;0;2;3;42;213;3;47;213;3;37;38;39;37,6615969581749;2,19200675710565;0;60;13;19;171;148;116;23;241;260;4;0;50;36;27;18;81;2;2;6;0;41;264;0;0;0;0;151;113;200;15;0;49;0;30;228;6;2779;3053,5;3316,25;3013,27651515152;544,26809547368;22;222;11;2;262;9,76515151515152;0,656756038469489;4;260
2016;"MUNICIPIO";"353310";23;0;21;0;7;5;3;7;1;0;0;0;23;18,5;24;31;25,0869565217391;6,88815216993684;0;0;7;13;1;2;12;2;0;9;0;3;20;11;12;23;0;0;0;0;2;21;0;2;21;0;38;39;39;38,5652173913044;1,27300956778957;0;4;3;1;13;23;0;8;15;22;1;0;7;3;2;1;7;1;0;0;0;2;23;0;0;0;0;11;12;12;2;0;9;0;2;20;1;2855;3080;3374;3105,08695652174;491,690489586088;2;18;3;0;23;9,78260869565217;0,42174116783665;0;23
2016;"MUNICIPIO";"353320";45;0;5;1;10;9;10;8;5;2;0;0;44;20;26;32;26,0888888888889;7,43401953620291;0;1;12;25;5;2;26;3;0;15;0;27;18;17;28;43;2;0;0;0;2;43;0;2;43;0;38;39;39;38,4222222222222;1,1963749961083;0;2;5;2;29;45;0;3;42;45;0;0;10;5;4;1;21;0;0;2;0;2;45;0;0;0;0;20;25;26;3;0;15;0;2;38;5;2965;3210;3540;3254,46666666667;523,849240977523;3;33;7;0;45;9,82222222222222;0,441530853904339;0;5
2016;"MUNICIPIO";"353325";68;0;65;0;8;23;16;15;1;5;0;0;68;21,75;25,5;31,25;26,5441176470588;6,64771046554479;0;1;14;47;1;5;34;4;0;29;0;14;53;27;41;64;4;0;1;1;12;53;1;14;53;1;37;38;39;37,8382352941176;2,54282892245723;0;12;8;6;41;67;1;19;49;66;2;0;6;16;4;10;18;0;0;4;0;10;67;0;0;1;0;30;38;34;4;0;29;0;8;59;1;2800;3162,5;3401,25;3021,83823529412;635,027854843148;4;57;3;2;66;9,42647058823529;0,982172074636957;1;67
2016;"MUNICIPIO";"353330";40;0;36;0;4;7;15;9;5;0;0;0;40;24;28;31;27,45;5,14382876454634;0;0;5;20;2;12;29;2;0;8;0;10;29;14;26;40;0;0;0;0;7;30;3;7;30;3;37;38;39;38,15;1,90209061770167;0;6;2;1;28;40;0;3;37;38;1;0;2;8;3;9;9;1;0;0;0;7;40;0;0;0;0;25;15;29;2;0;8;0;3;36;1;2779,5;3080;3348,75;3103,2;449,582381715207;6;30;4;0;39;9,87179487179487;0,33868842842937;0;39
2016;"MUNICIPIO";"353340";711;0;674;2;72;142;188;188;97;22;0;0;709;23;28;33;28,14064697609;6,3125110851824;0;9;93;416;38;150;542;28;2;126;0;233;472;294;417;692;18;0;1;10;67;615;15;78;615;15;38;39;40;38,5621468926554;2,05726557257459;1;101;33;41;523;410;301;234;477;668;39;2;108;138;82;75;190;15;19;18;2;59;710;0;0;1;0;351;360;542;28;2;126;0;57;621;33;2940;3250;3560;3201,32489451477;547,686892597451;31;591;63;4;706;9,46619718309859;0,775769086878089;4;705
2016;"MUNICIPIO";"353350";482;0;477;1;81;106;139;95;43;17;0;0;481;21;26;31,75;26,4979253112033;6,55545636555764;0;9;112;234;31;96;447;8;0;26;0;79;402;190;292;472;10;0;0;3;54;411;14;57;411;14;37;38;39;38,1535269709544;1,85360187890131;0;50;11;8;410;34;448;67;415;430;52;0;12;141;28;47;147;19;32;10;0;46;482;0;0;0;0;235;247;447;8;0;26;0;30;435;17;2900;3180;3450;3172,69087136929;468,390180961639;21;402;47;0;482;9,95228215767635;0,273205692793837;4;478
2016;"MUNICIPIO";"353360";74;0;73;0;11;22;12;18;10;1;0;0;74;21;27;31,75;26,7972972972973;6,42763666858047;0;3;14;36;1;20;58;1;0;15;0;18;56;28;46;72;2;0;2;1;15;54;2;18;54;2;37;38;39;37,2432432432432;2,87078248514382;0;13;4;9;47;74;0;10;64;68;6;0;9;12;3;8;19;2;3;2;0;16;74;0;0;0;0;38;36;58;1;0;15;0;10;63;1;2701,5;3072,5;3375;2971,63513513513;623,610182382015;4;63;5;2;72;9,77027027027027;0,785960668563442;2;72
2016;"MUNICIPIO";"353370";68;0;65;1;12;11;23;9;9;3;0;0;67;20,75;26,5;32;26,7794117647059;7,38462620085991;0;3;17;35;2;11;43;3;0;22;0;10;58;26;42;65;3;0;0;2;5;61;0;7;61;0;38;38;39;38,1911764705882;1,84679919102631;0;10;1;3;52;68;0;19;49;64;3;1;5;19;6;14;15;1;1;2;1;4;68;0;0;0;0;35;33;43;3;0;22;0;7;60;1;2874,75;3186;3533,75;3148,05882352941;543,869274304886;2;57;6;0;68;9,22058823529412;0,568989369449108;4;63
2016;"MUNICIPIO";"353380";31;0;29;0;3;10;8;6;4;0;0;0;31;23;26;32;26,9032258064516;5,95177754237996;0;0;5;21;1;4;22;0;0;8;0;9;21;12;19;31;0;0;0;0;2;27;1;2;27;1;38;39;40;38,9;1,56138753500941;0;6;1;1;23;31;0;16;15;30;1;0;7;3;9;3;5;0;1;0;0;2;31;0;0;0;0;11;20;22;0;0;8;0;5;25;1;2780;2970;3390;3019,1935483871;508,935321323174;5;23;2;0;31;9,51612903225806;0,625617974056345;0;31
2016;"MUNICIPIO";"353390";640;0;631;6;117;168;156;118;64;11;0;0;634;21;25;31;25,9578125;6,5173250435886;0;10;109;403;29;88;429;38;1;169;0;131;508;266;374;629;11;0;7;7;59;559;6;73;559;6;38;38;39;37,858934169279;2,1245755233023;3;65;21;46;502;77;563;79;561;618;20;0;38;192;39;66;212;9;7;11;0;64;637;1;2;0;0;357;283;429;38;1;169;0;61;568;11;2800;3150;3400;3072,953125;537,558738055972;35;551;39;12;626;9,47335423197492;1,09590863352537;7;630
2016;"MUNICIPIO";"353400";59;0;59;0;8;15;16;13;6;1;0;0;59;21;28;30;26,728813559322;5,98800671594127;0;1;6;45;3;4;46;3;0;10;0;28;31;16;43;59;0;0;0;0;10;49;0;10;49;0;38;38;39;37,8305084745763;1,56637669284641;0;13;2;2;42;59;0;10;49;57;2;0;5;6;2;8;27;0;2;0;0;9;59;0;0;0;0;39;20;46;3;0;10;0;5;53;1;2861;3180;3441;3148,79661016949;473,711383820069;4;53;2;0;59;9,8135593220339;0,392804956039492;2;57
2016;"MUNICIPIO";"353410";75;0;73;0;12;19;23;14;5;2;0;0;75;21,5;27;30;26,3066666666667;6,04928705500688;0;1;10;51;2;10;43;4;0;27;0;19;55;33;42;72;3;0;0;0;6;66;3;6;66;3;38;39;39;38,5333333333333;1,75016086776704;0;19;7;2;46;75;0;23;52;69;4;0;7;20;2;12;23;2;1;3;0;3;75;0;0;0;0;32;43;43;4;0;27;0;6;69;0;2891;3225;3485;3158,68;475,913919084511;7;60;4;1;73;9,37837837837838;0,73471087786057;0;75
2016;"MUNICIPIO";"353420";59;0;58;0;9;19;16;10;4;1;0;0;59;21,5;25;29,5;25,5593220338983;6,04657550970019;0;0;5;41;2;11;43;6;0;10;0;33;26;28;31;54;4;0;1;1;8;49;0;10;49;0;37;38;39;37,6949152542373;2,37990319484475;0;7;2;3;47;59;0;4;55;56;3;0;4;17;0;3;21;1;2;4;0;7;59;0;0;0;0;29;30;43;6;0;10;0;7;52;0;2819;3040;3371;2991,74576271186;546,956456478448;5;48;1;0;59;9,64406779661017;0,636875775913216;1;58
2016;"MUNICIPIO";"353430";480;0;473;2;62;93;130;129;53;11;0;0;478;22;28;32;27,4833333333333;6,29375981947793;1;6;124;243;19;87;265;29;0;182;1;93;386;201;279;466;14;0;5;4;74;391;6;83;391;6;37;38;39;37,7208333333333;2,35590656755425;0;42;10;47;378;62;418;67;413;440;40;0;62;78;28;32;158;16;22;14;0;70;480;0;0;0;0;236;244;265;29;0;182;1;56;410;14;2830;3120;3470;3099,45;569,8407329775;30;385;51;5;475;9,83333333333333;0,702911729234431;7;473
2016;"MUNICIPIO";"353440";10317;0;9456;44;1336;2246;2497;2467;1376;333;16;2;10271;22;28;33;27,6008529611321;6,69450759938694;7;155;1469;5966;584;2101;5777;517;46;3943;5;2945;7338;4205;6112;10063;254;6;79;149;1121;8658;172;1355;8658;172;38;39;39;38,2056946489936;2,35093849218259;111;1510;1148;988;5900;3692;6625;4477;5840;9809;473;10;1092;2333;1284;1426;2294;204;197;252;10;1087;10138;142;33;4;0;5234;5082;5777;517;46;3943;5;992;8879;446;2870;3195;3500;3148,48085683823;566,467689134506;636;8232;986;113;10159;9,4331191588785;1,22972517880935;117;10193
2016;"MUNICIPIO";"353450";23;0;22;0;3;1;9;8;0;1;1;0;23;26;29;32;28,5217391304348;7,32287552323906;0;2;3;10;2;6;15;1;1;6;0;1;22;11;12;23;0;0;0;0;2;20;1;2;20;1;38;38;39,5;38,5652173913044;1,64665189113938;0;4;0;0;18;23;0;7;16;22;1;0;4;6;2;1;7;0;1;0;0;2;23;0;0;0;0;15;8;15;1;1;6;0;0;22;1;2826,5;3174;3357;3155,08695652174;363,698165696811;2;19;2;1;22;9,30434782608696;1,45960089839952;1;22
2016;"MUNICIPIO";"353460";317;0;314;5;40;66;99;69;32;6;0;0;312;22;27;31;26,9747634069401;6,3305063356732;0;4;47;189;13;63;177;3;1;136;0;162;155;129;188;313;4;0;3;5;32;266;11;40;266;11;37;38;39;38,0662460567823;2,50922906159806;0;30;4;2;280;70;247;48;269;302;15;0;77;29;44;8;108;10;4;4;0;33;316;0;1;0;0;157;160;177;3;1;136;0;26;277;14;2940;3185;3490;3169,03154574132;550,86316526867;17;264;32;2;314;9,77215189873418;0,779896079175837;1;316
2016;"MUNICIPIO";"353470";1341;0;1314;10;169;329;332;297;171;29;4;0;1331;22;27;32;27,1901565995526;6,59050142290471;2;20;258;762;62;237;968;52;4;314;0;332;997;552;789;1316;25;0;3;11;99;1220;8;113;1220;8;38;39;40;38,4563758389262;1,82206582498547;6;141;57;66;1065;44;1297;447;894;1297;41;3;230;263;232;81;382;17;21;24;3;88;1333;0;6;2;0;687;654;968;52;4;314;0;114;1155;72;2930;3260;3555;3214,10141685309;540,547289139904;94;1078;144;10;1325;9,51460674157303;0,795162080985365;12;1329
2016;"MUNICIPIO";"353475";119;0;103;0;19;34;26;28;10;2;0;0;119;21;25;31;26,0336134453782;6,37518065295281;0;1;11;60;11;36;89;1;0;25;0;26;90;60;59;111;8;0;0;1;13;97;3;14;97;3;38;38;39;38,0438596491228;1,79177249897745;0;16;3;5;93;62;57;14;105;114;2;0;7;39;4;9;32;1;1;8;0;10;119;0;0;0;0;58;61;89;1;0;25;0;10;104;5;2880;3235;3500;3173,3025210084;538,493733413671;5;85;14;1;118;9,68067226890756;0,60970641878352;1;117
2016;"MUNICIPIO";"353480";85;0;78;5;16;16;18;20;8;2;0;0;80;20;25;31;25,8588235294118;7,11328894055491;0;2;23;41;2;16;54;1;0;28;0;24;61;39;46;81;4;0;0;1;9;72;3;10;72;3;38;39;39;38,3176470588235;2,02491484068956;1;18;3;6;55;85;0;11;74;82;2;0;16;19;6;8;26;0;0;4;0;5;85;0;0;0;0;37;48;54;1;0;28;0;7;75;3;2875;3310;3590;3216,76470588235;571,681784758978;3;68;9;0;84;9,84523809523809;0,452411147345102;0;85
2016;"MUNICIPIO";"353490";111;0;91;0;20;17;28;27;18;0;1;0;111;21,5;28;33;27,4594594594595;6,87126266520576;0;1;17;71;1;21;64;2;1;41;0;32;78;42;69;107;4;0;2;2;13;90;2;17;90;2;37;39;39;37,7889908256881;2,85797582634793;0;15;5;13;70;67;44;10;101;107;4;0;13;22;7;4;42;0;4;4;0;13;111;0;0;0;0;59;52;64;2;1;41;0;9;98;4;2947,5;3250;3502,5;3153,17117117117;611,067856280728;7;86;11;2;108;9,41818181818182;1,11191889828514;0;105
2016;"MUNICIPIO";"353500";112;0;111;0;12;31;26;30;11;2;0;0;112;22;27;32;26,9553571428571;5,9900644356611;0;1;20;71;5;15;74;6;0;32;0;63;48;40;72;108;4;0;0;2;19;91;0;21;91;0;37;38;39;37,8571428571429;1,85441835594545;0;17;1;5;89;111;1;12;100;105;7;0;11;23;7;8;39;0;3;4;0;17;111;0;1;0;0;53;59;74;6;0;32;0;11;99;2;2800;3190;3503,5;3143,20535714286;506,801063346241;5;93;10;1;111;9,54464285714286;0,696042776685131;0;112
2016;"MUNICIPIO";"353510";125;0;118;1;19;38;30;24;7;6;0;0;124;21;25;30;25,92;6,63276325426264;0;10;26;77;1;10;81;4;0;38;0;31;92;56;69;125;0;0;0;0;10;115;0;10;115;0;38;39;39;38,32;1,48974992488997;1;18;10;12;83;125;0;23;102;123;2;0;12;38;12;13;38;2;0;0;0;10;125;0;0;0;0;69;56;81;4;0;38;0;13;108;4;2885;3160;3425;3127,176;501,680338784151;12;109;4;2;123;9,6;1,07012209131602;2;121
2016;"MUNICIPIO";"353520";87;0;70;1;8;23;19;18;13;5;0;0;86;22;28;32,5;27,8620689655172;7,08613519125036;1;2;13;52;1;17;69;3;0;14;0;16;69;33;54;87;0;0;1;1;9;74;1;11;74;1;38;38,5;39;38,2209302325581;2,25128022553808;1;7;2;1;68;79;8;17;70;85;1;0;10;17;12;4;31;0;1;0;0;11;86;1;0;0;0;44;43;70;3;0;14;0;4;78;5;2997,5;3240;3555;3244,52873563218;548,6553719667;3;74;8;1;86;10,7126436781609;9,60366699099276;1;79
2016;"MUNICIPIO";"353530";239;0;232;2;42;62;52;47;30;4;0;0;237;21;26;31;26,3012552301255;6,78614184252383;1;3;48;136;13;38;162;11;0;65;0;45;192;113;126;235;4;0;1;4;29;203;2;34;203;2;37;38;39;37,9163179916318;2,1325078539588;0;41;6;7;181;43;196;49;190;222;17;0;15;77;7;27;63;5;12;4;0;29;238;1;0;0;0;126;113;162;11;0;65;0;19;213;7;2790;3170;3395;3082,9079497908;545,200155886397;12;200;22;1;238;9,71548117154812;0,816460694596176;2;237
2016;"MUNICIPIO";"353540";245;0;241;2;33;66;67;48;24;5;0;0;243;21;26;31;26,2163265306122;6,28605491944811;1;7;64;131;9;33;138;0;0;106;0;144;101;78;167;241;4;0;1;1;11;227;5;13;227;5;38;39;40;38,6612244897959;1,73072716719495;1;57;11;10;164;81;164;61;183;233;12;0;40;31;31;34;84;4;7;4;0;10;245;0;0;0;0;119;126;138;0;0;106;0;10;216;19;3000;3268;3600;3280,18775510204;518,334902510841;12;200;29;2;243;9,19183673469388;0,809735014006018;0;245
2016;"MUNICIPIO";"353550";612;0;588;2;93;163;147;120;68;17;2;0;610;21;26;32;26,6584967320261;6,72071154669903;2;8;123;357;28;91;340;16;0;243;0;110;491;220;392;590;21;1;5;6;93;498;7;105;498;7;37;38;39;37,8950819672131;2,39707171038577;1;77;30;55;440;162;450;110;501;583;24;1;41;132;28;70;216;8;9;20;1;82;611;0;1;0;0;312;300;340;16;0;243;0;56;528;28;2853,75;3200;3491,25;3138,77777777778;581,530822773798;30;493;62;7;602;9,69622331691297;1,00884355500176;6;605
2016;"MUNICIPIO";"353560";212;0;180;0;36;58;46;42;26;4;0;0;212;20;26;31,25;26,4716981132075;6,82163765020595;2;9;48;116;9;26;128;2;0;73;0;62;148;81;131;208;4;0;0;1;12;195;3;13;195;3;38;39;39;38,6255924170616;1,38945313145628;1;51;28;11;101;210;2;111;101;209;2;0;34;39;35;33;52;1;1;4;0;11;209;0;2;1;0;107;105;128;2;0;73;0;12;194;5;2907,5;3255;3502,5;3189,27962085308;455,260210797181;16;178;12;1;209;9,26666666666667;0,622799155329218;2;209
2016;"MUNICIPIO";"353570";63;0;60;1;10;17;20;11;4;0;0;0;62;21;25;29;25,3492063492063;5,57690725413731;0;0;16;39;0;8;53;0;0;10;0;15;47;24;39;63;0;0;0;0;5;57;1;5;57;1;38;39;40;38,6507936507937;1,52568049501272;0;7;2;5;47;62;1;11;52;57;6;0;5;14;3;7;23;4;2;0;0;5;62;0;0;1;0;38;25;53;0;0;10;0;3;59;1;3022,5;3300;3415;3232,36507936508;395,194696875224;4;55;4;0;62;9,59677419354839;0,556914138814624;0;63
2016;"MUNICIPIO";"353580";263;0;258;2;71;69;54;46;20;1;0;0;261;19;24;30;24,5779467680608;6,2285209826044;0;12;64;140;13;33;252;0;0;10;0;32;229;118;145;256;7;0;0;4;18;223;17;22;223;17;38;39;40;38,7748091603053;2,04331799553413;2;32;12;12;202;80;183;132;131;256;6;0;61;45;35;21;72;0;4;7;0;17;262;0;0;1;0;150;113;252;0;0;10;0;23;229;11;2865;3170;3447,5;3150,21673003802;681,007343915709;31;204;18;0;262;9,04580152671756;0,460926859331101;1;260
2016;"MUNICIPIO";"353590";48;0;41;1;10;6;15;11;4;1;0;0;47;20,75;27;32;26,5;6,97411627895179;0;0;15;26;3;4;30;1;1;14;0;7;41;16;32;48;0;0;0;1;5;41;1;6;41;1;38;39;39,25;38,3333333333333;2,04557990875951;0;4;1;2;36;48;0;8;40;46;2;0;3;11;5;4;18;1;1;0;0;5;48;0;0;0;0;25;23;30;1;1;14;0;3;42;3;2983,25;3102,5;3432,5;3171,04166666667;552,608435814486;2;42;4;0;48;9,77083333333333;0,472187455263057;0;48
2016;"MUNICIPIO";"353600";120;0;118;1;30;30;28;18;11;2;0;0;119;19;24;30,25;25,0083333333333;6,64653297292837;0;3;23;77;2;15;64;3;0;53;0;71;49;57;63;120;0;0;0;2;6;111;1;8;111;1;38;39;40;38,6416666666667;1,91761333338047;0;15;3;3;98;120;0;44;76;118;2;0;21;31;7;14;37;2;0;0;0;8;120;0;0;0;0;70;50;64;3;0;53;0;7;109;4;3058,75;3265;3612,5;3279,93333333333;464,000429826904;1;109;10;0;120;9,7;0,61630506469857;0;119
2016;"MUNICIPIO";"353610";107;0;104;1;19;28;23;21;15;0;0;0;106;21;26;32;26,3177570093458;6,56405036434681;2;7;24;66;1;5;87;3;0;15;0;19;86;40;67;103;4;0;3;3;6;88;7;12;88;7;38;39;40;38,2990654205607;3,41532327614612;0;15;11;4;75;106;1;64;43;103;2;0;21;13;25;9;23;1;1;4;0;8;104;0;1;2;0;55;52;87;3;0;15;0;12;94;1;2785;3210;3522,5;3059,71028037383;713,525475333517;8;87;6;2;102;9,17307692307692;1,32520236734385;0;107
2016;"MUNICIPIO";"353620";279;0;271;0;48;72;68;65;18;7;1;0;279;21;27;31;26,3082437275986;6,45334418894256;0;10;53;184;4;27;168;9;0;96;5;65;213;120;159;274;5;0;0;3;23;239;11;26;239;11;38;39;40;38,8152173913044;1,98134581163825;0;53;6;15;201;22;257;195;84;267;11;0;30;73;34;47;53;3;7;5;0;24;274;1;3;1;0;129;150;168;9;0;96;5;20;237;22;3000;3305;3607,5;3265,01075268817;607,447451520528;20;210;38;2;274;9,64855072463768;0,695202835776869;1;278
2016;"MUNICIPIO";"353625";43;0;43;1;8;10;10;11;2;1;0;0;42;21;25;31;25,5581395348837;6,41910216827347;0;1;6;30;0;6;32;1;0;10;0;18;25;21;22;38;5;0;0;0;14;29;0;14;29;0;36;38;39;37,4651162790698;2,23977929619886;0;3;0;3;37;43;0;3;40;38;5;0;8;5;1;3;7;2;3;5;0;9;43;0;0;0;0;16;27;32;1;0;10;0;11;30;2;2522,5;3040;3375;2956,27906976744;626,565746391785;2;33;3;0;43;9,62790697674419;0,578308527557224;0;43
2016;"MUNICIPIO";"353630";216;0;65;1;36;65;54;32;23;5;0;0;215;21;25;31;25,9953703703704;6,37473040756741;1;1;41;76;17;19;102;9;1;42;0;62;108;107;109;170;6;0;1;1;19;148;4;21;148;4;38;39;39;38,121387283237;2,09435962773886;1;20;10;13;64;54;162;75;96;169;5;0;50;8;32;11;39;1;3;6;0;16;216;0;0;0;0;118;98;102;9;1;42;0;25;189;2;2840;3100;3426,25;3085,34722222222;516,734374470762;17;130;15;5;205;9,5;1,15435518154832;0;89
2016;"MUNICIPIO";"353640";126;0;118;3;17;33;36;23;10;4;0;0;123;21;26;31;26,1349206349206;6,69967542450012;0;8;34;69;2;12;72;2;0;52;0;67;59;50;76;121;5;0;0;1;8;115;2;9;115;2;38;39;39;38,5;1,67690190530037;0;22;7;10;80;126;0;31;95;125;1;0;30;15;11;18;40;0;0;5;0;7;126;0;0;0;0;56;70;72;2;0;52;0;8;109;9;2900;3282,5;3657,5;3248,10317460317;522,369843377124;4;100;17;1;125;9,23015873015873;0,859420254941187;0;126
2016;"MUNICIPIO";"353650";1450;0;965;3;126;277;373;397;225;46;2;1;1446;24;29;33;28,6110344827586;6,36581099733133;5;27;241;671;92;390;962;69;8;386;0;615;816;576;874;1407;43;0;8;22;134;1261;25;164;1261;25;38;39;40;38,4172413793103;2,25413797324551;1;195;32;39;1059;743;707;499;951;1365;67;5;324;155;219;98;422;25;30;43;5;116;1434;5;10;1;0;731;717;962;69;8;386;0;134;1254;62;2900;3225;3520;3167,04689655172;566,155318433101;88;1185;123;11;1426;9,77661795407098;4,15719116886922;22;1024
2016;"MUNICIPIO";"353657";22;0;20;0;0;7;8;6;1;0;0;0;22;23,25;26,5;30;26,9090909090909;4,44981637833134;0;0;6;10;1;5;16;0;0;5;0;10;12;4;18;20;2;0;0;0;0;22;0;0;22;0;38,25;39;39,75;39;0,925820099772551;0;4;2;1;14;22;0;10;12;20;2;0;0;4;2;7;6;0;1;2;0;0;22;0;0;0;0;12;10;16;0;0;5;0;1;21;0;2958,75;3375;3680;3328,40909090909;443,622497077662;1;16;3;0;22;9,72727272727273;0,702500173314209;0;22
2016;"MUNICIPIO";"353660";90;0;89;1;17;27;24;13;6;2;0;0;89;20;24,5;29;24,9777777777778;6,54453675200751;1;3;10;60;2;14;58;11;0;21;0;61;29;43;47;88;2;0;0;3;9;78;0;12;78;0;37;38;39;37,8888888888889;2,06873160099463;0;9;3;10;68;89;1;8;82;85;5;0;7;25;6;9;26;1;4;2;0;10;90;0;0;0;0;44;46;58;11;0;21;0;7;79;4;2898,75;3185;3512,5;3156,2;567,746960569544;3;77;8;0;89;9,64044943820225;0,661389567007427;0;89
2016;"MUNICIPIO";"353670";558;0;503;1;86;153;130;110;67;11;0;0;557;21;26;32;26,4767025089606;6,55472709392181;0;15;101;357;18;60;368;27;0;155;1;110;445;200;358;551;7;0;3;6;52;447;17;61;447;17;37;38;39;38,0780952380952;2,22743052565901;0;127;23;27;379;207;351;56;502;525;21;1;17;149;17;42;213;7;11;7;1;54;556;2;0;0;0;271;287;368;27;0;155;1;58;492;8;2836,25;3155;3448,75;3105,93189964158;525,075409497742;37;428;42;2;552;9,33935018050541;0,664526325292836;3;550
2016;"MUNICIPIO";"353680";69;0;65;0;14;9;16;16;12;2;0;0;69;22;28;33;27,4057971014493;7,29890975053549;0;6;28;29;1;4;57;1;0;10;0;42;25;30;39;67;2;0;0;0;2;62;5;2;62;5;38;39;40;39,1739130434783;1,62658539620608;0;15;2;3;46;69;0;22;47;65;3;0;14;14;12;10;14;1;1;2;0;0;69;0;0;0;0;35;34;57;1;0;10;0;5;59;5;2950;3220;3595;3207,11594202899;636,704949126449;6;53;7;0;68;9,92647058823529;0,262944093177546;0;69
2016;"MUNICIPIO";"353690";19;0;19;0;4;1;7;3;4;0;0;0;19;23,5;27;32,5;27,1578947368421;7,03375320938447;0;1;4;11;0;3;15;0;0;4;0;2;17;6;13;19;0;0;0;0;1;18;0;1;18;0;38;38;38,5;38,0526315789474;1,02597835208515;0;1;1;3;14;19;0;2;17;19;0;0;2;4;1;5;6;0;0;0;0;1;19;0;0;0;0;11;8;15;0;0;4;0;1;16;2;3202,5;3300;3455;3326,05263157895;478,009701631464;0;17;2;0;19;9,36842105263158;0,83069758608784;1;18
2016;"MUNICIPIO";"353700";203;0;172;1;25;61;62;30;20;4;0;0;202;21;26;30;26,1083743842365;6,01632093902252;0;5;58;83;6;23;126;11;0;64;0;57;145;90;113;201;2;0;2;2;12;186;1;16;186;1;39;39;39;38,5270935960591;1,86765191864443;0;23;11;6;162;51;152;42;161;77;5;121;15;12;20;3;13;5;0;1;121;13;203;0;0;0;0;103;100;126;11;0;64;0;16;181;6;2945;3265;3565;3201,30541871921;563,174695756822;17;165;19;3;199;9,49009900990099;0,853672773420013;5;196
2016;"MUNICIPIO";"353710";456;0;411;1;43;122;104;118;53;15;0;0;455;22,75;27;32;27,5701754385965;6,31825445117661;0;4;93;279;12;63;335;10;2;105;0;254;198;181;275;443;13;0;4;7;44;376;14;55;376;14;38;39;40;38,2584269662921;2,46748262262673;0;91;16;12;311;196;260;139;317;436;19;1;84;70;46;57;118;6;8;13;1;43;454;1;1;0;0;242;214;335;10;2;105;0;43;389;24;2920;3210;3460;3155,29166666667;541,08119723045;28;353;46;1;453;9,80616740088106;0,516702764410566;1;454
2016;"MUNICIPIO";"353715";23;0;23;1;2;9;5;3;3;0;0;0;22;21,5;24;30;25,9130434782609;6,40960248007388;0;0;2;15;3;3;16;2;0;5;0;3;20;9;14;23;0;0;0;1;4;18;0;5;18;0;37;39;40;38;2,66287609379578;0;1;1;2;19;23;0;8;15;22;1;0;3;4;2;4;5;0;1;0;0;4;23;0;0;0;0;9;14;16;2;0;5;0;5;17;1;2852,5;3435;3587,5;3132,34782608696;720,690364019468;2;18;3;0;23;9,78260869565217;0,518434859512082;0;23
2016;"MUNICIPIO";"353720";125;0;120;0;25;45;30;16;5;4;0;0;125;20;24;28;24,648;6,01242798897256;0;4;34;77;5;5;66;2;0;57;0;87;38;46;79;115;10;0;0;2;10;108;5;12;108;5;38;39;40;38,528;1,94925957820548;0;25;6;5;85;122;3;68;57;120;5;0;22;17;31;15;23;0;1;10;0;6;119;3;0;3;0;61;64;66;2;0;57;0;10;108;7;2985;3265;3580;3241;559,790917189393;1;98;16;3;121;9,5;1,07824005954901;2;123
2016;"MUNICIPIO";"353730";782;0;748;2;115;168;182;193;98;24;0;0;780;22;28;32;27,3081841432225;6,68274361736409;2;19;192;406;30;132;530;8;0;236;0;430;347;319;463;750;32;0;2;16;103;627;31;121;627;31;37;38;39;38,1655969191271;2,33494686458883;1;79;25;38;625;78;704;172;610;753;26;0;92;173;45;66;242;9;15;32;0;103;780;0;2;0;0;387;395;530;8;0;236;0;68;674;40;2880;3200;3505;3168,03196930946;547,007229703569;49;595;86;4;778;9,22762148337596;0,687815462215587;13;766
2016;"MUNICIPIO";"353740";284;0;141;2;51;84;73;40;29;5;0;0;282;20;25;30;25,5915492957746;6,36593732416752;0;4;49;150;11;40;109;5;2;136;0;81;184;127;157;278;3;0;0;3;22;237;11;25;237;11;38;39;39;38,5494505494505;1,85065808802136;0;40;11;23;174;107;177;87;196;264;5;0;47;47;29;28;78;3;2;3;0;22;284;0;0;0;0;151;133;109;5;2;136;0;18;248;18;2970;3288;3560;3251,26056338028;495,787586734587;19;220;29;0;271;9,7859778597786;0,549702666657364;1;199
2016;"MUNICIPIO";"353750";119;0;117;0;23;29;25;26;13;3;0;0;119;20,5;26;31;26,0084033613445;6,81535628763796;0;4;31;77;2;5;88;0;0;31;0;24;95;38;81;115;4;1;1;2;8;106;1;12;106;1;38;39;39;38,1848739495798;2,79820277234569;0;25;16;15;62;118;1;60;59;115;4;0;27;6;27;15;28;1;2;4;0;9;118;1;0;0;0;67;52;88;0;0;31;0;12;97;10;2862,5;3250;3592,5;3167,64705882353;643,066285275651;11;89;14;1;117;9,69491525423729;0,974095895315032;0;119
2016;"MUNICIPIO";"353760";961;0;919;7;182;262;212;163;95;38;2;0;954;20;25;31;26,047866805411;6,97658271521529;3;25;223;599;42;62;457;51;3;434;11;664;288;353;608;942;15;0;3;15;99;798;34;117;798;34;38;39;40;38,5511064278188;2,2139687282797;14;173;57;69;619;927;34;538;419;918;31;2;188;113;200;107;195;8;21;14;2;97;929;18;13;1;0;508;452;457;51;3;434;11;77;823;60;2903,75;3250;3570;3214,65833333333;577,404978151282;63;750;117;12;941;9,46694648478489;0,818130178993644;9;944
2016;"MUNICIPIO";"353770";65;0;63;2;8;16;18;16;5;0;0;0;63;22;26;31;26,1384615384615;6,22965920786634;0;2;17;37;2;6;34;2;0;29;0;30;35;27;38;65;0;1;0;2;8;53;0;11;53;0;37;39;40;37,953125;3,07797958624376;2;7;1;2;53;65;0;29;36;64;1;0;10;11;12;6;14;1;0;0;0;10;65;0;0;0;0;31;34;34;2;0;29;0;10;55;0;2810;3130;3410;3012,18461538462;617,680259426036;3;60;0;1;64;9,01538461538462;1,05315460184373;2;63
2016;"MUNICIPIO";"353780";696;0;565;2;126;174;184;124;67;18;1;0;694;21;26;31;26,1364942528736;6,60325111183954;2;48;169;406;17;53;539;17;6;97;0;120;568;300;396;683;12;0;4;8;84;565;29;96;565;29;38;39;40;38,436231884058;2,33720902208492;3;93;17;19;476;186;510;183;512;666;27;0;90;162;57;82;183;9;14;12;0;80;691;0;5;0;0;375;321;539;17;6;97;0;54;619;23;2955;3230;3500;3186,82471264368;534,161650168475;36;563;66;6;686;9,66040462427746;0,825774281841998;5;685
2016;"MUNICIPIO";"353790";386;0;376;2;67;107;89;70;40;10;1;0;384;20;26;31;26,1891191709845;6,76261578156988;0;20;96;202;15;51;325;3;5;50;0;85;301;155;231;380;6;0;1;2;29;352;2;32;352;2;38;39;39;38,3652849740933;1,81730128062269;1;84;24;44;228;89;297;152;234;371;15;0;49;88;49;51;104;2;11;6;0;26;386;0;0;0;0;195;191;325;3;5;50;0;27;338;21;2911,25;3167,5;3450;3170,51813471503;498,601671620749;18;332;30;3;383;9,62953367875648;0,786283905076453;3;382
2016;"MUNICIPIO";"353800";2162;0;1747;10;306;529;527;476;255;57;2;0;2152;22;27;32;26,9694727104533;6,58704522761025;2;41;337;1356;100;324;1369;160;4;618;1;942;1107;886;1276;2086;74;0;9;23;309;1752;60;341;1752;60;37;39;39;38,1337668369717;2,22685067252582;1;223;63;69;1617;184;1978;705;1457;2101;50;3;92;644;45;342;623;14;25;73;3;286;2117;43;0;1;0;1118;1044;1369;160;4;618;1;202;1869;91;2890;3207,5;3525;3169,40148011101;549,530888879;132;1696;240;15;2115;8,89671361502347;0,545392329001913;7;2038
2016;"MUNICIPIO";"353810";151;0;147;0;26;26;46;32;17;4;0;0;151;21;27;31,5;26,8079470198675;6,42776812669123;0;7;43;75;4;21;120;5;0;24;0;30;121;56;95;151;0;0;0;3;10;137;1;13;137;1;38;39;39;38,317880794702;1,80137303531557;0;8;6;15;121;151;0;31;120;144;7;0;14;34;8;19;57;2;5;0;0;12;151;0;0;0;0;88;63;120;5;0;24;0;7;138;6;2862,5;3200;3450;3168,18543046358;509,453293953083;9;132;10;0;151;9,64238410596026;0,569729419530911;2;149
2016;"MUNICIPIO";"353820";142;0;137;2;22;32;31;38;14;3;0;0;140;21;27;32;26,7323943661972;6,75079768647054;0;3;35;76;4;22;107;5;0;28;0;85;57;60;82;140;2;0;2;1;10;124;3;13;124;3;38;39;39;38,4;2,30357869849152;0;40;12;11;74;139;3;49;93;136;4;0;30;23;17;15;39;2;2;2;0;10;139;2;0;1;0;66;76;109;5;0;28;0;11;126;5;2871,25;3145;3418,75;3130,71830985915;488,917974036679;10;112;16;2;140;9,80281690140845;0,877128104052076;0;142
2016;"MUNICIPIO";"353830";19;0;16;0;0;5;6;5;3;0;0;0;19;24,5;27;33;28,8421052631579;5,26269003768496;0;1;6;9;1;2;9;0;0;10;0;7;12;4;15;19;0;0;0;0;3;15;0;3;15;0;37;38;39;37,8333333333333;1,38266579688743;0;1;1;4;11;19;0;3;16;19;0;0;3;0;4;2;6;0;0;0;0;3;19;0;0;0;0;10;9;9;0;0;10;0;3;16;0;2832,5;3230;3607,5;3104,73684210526;597,602789122718;3;13;2;0;19;9,42105263157895;0,692482608982125;0;19
2016;"MUNICIPIO";"353850";148;0;97;0;30;41;29;25;18;5;0;0;148;20,75;25;32;26,2905405405405;6,83851972920899;0;3;18;105;1;17;96;7;0;37;0;81;66;54;94;146;2;0;0;0;11;116;9;11;116;9;38;39;39,25;38,6764705882353;1,90470121285194;0;19;4;8;98;148;0;28;120;144;2;0;24;26;19;9;45;0;2;2;0;8;148;0;0;0;0;82;66;96;7;0;37;0;14;129;5;2798,75;3125;3382,5;3068,75;487,495290401113;16;108;6;0;136;9,47058823529412;0,607864220591557;1;146
2016;"MUNICIPIO";"353860";308;0;296;2;49;61;78;58;44;15;1;0;306;22;28;32,25;27,4383116883117;7,23721560052361;1;17;76;149;14;51;223;8;0;77;0;169;138;130;178;302;6;0;2;3;26;269;6;31;269;6;38;39;40;38,6045751633987;2,10942739085344;2;64;10;8;215;296;12;118;190;296;10;1;60;51;44;21;90;4;4;6;1;25;302;0;5;1;0;159;149;223;8;0;77;0;31;266;11;2893,75;3150;3527,5;3148,64285714286;566,676684598352;22;251;27;5;301;9,71895424836601;0,714785455280291;1;306
2016;"MUNICIPIO";"353870";5028;0;5015;32;560;1103;1227;1291;687;126;2;0;4996;22;28;33;27,7231503579952;6,47279544116918;3;118;921;2716;249;1020;2926;414;16;1669;1;2156;2867;2136;2892;4923;105;1;34;38;431;4515;8;504;4515;8;38;39;39;38,3413566739606;2,04389903578932;17;580;248;313;3866;64;4964;1477;3551;4812;212;3;320;1513;327;824;1352;90;91;104;3;402;4995;7;22;4;0;2596;2431;2926;414;16;1669;1;462;4382;184;2890;3184,5;3475;3145,02863961814;549,546596099224;285;4270;365;36;4986;9,80326563122262;2,62597850025047;55;4973
2016;"MUNICIPIO";"353880";374;0;372;2;49;92;90;89;42;10;0;0;372;22;27;32;27,1898395721925;6,47940051805641;1;14;81;204;10;64;323;11;1;37;0;146;227;133;241;366;8;0;1;2;48;313;10;51;313;10;37;38;39;38,1524064171123;2,00690018414659;1;55;15;21;282;25;349;106;268;354;20;0;91;18;80;18;100;8;8;8;0;43;374;0;0;0;0;189;185;323;11;1;37;0;32;331;11;2826,25;3122,5;3378,75;3105,35828877005;483,889619138705;27;312;25;3;371;9,8048128342246;0,676593218341433;5;369
2016;"MUNICIPIO";"353890";220;0;139;1;36;42;59;51;30;1;0;0;219;21,75;27,5;32;26,9363636363636;6,40744041349999;0;7;59;104;11;36;154;7;0;52;1;131;85;91;129;216;4;0;3;5;24;182;5;32;182;5;38;38;39;38,0319634703196;2,56366303274211;7;37;13;12;145;149;71;92;127;207;6;0;22;45;35;21;54;1;5;4;0;25;219;1;0;0;0;130;90;154;7;0;52;1;16;194;10;2870;3185;3572,5;3164,06363636364;626,284080395294;10;176;26;3;213;9,64351851851852;0,953697640949763;2;147
2016;"MUNICIPIO";"353900";107;0;96;1;8;28;31;20;15;4;0;0;106;23;27;33;27,7663551401869;6,1315445424835;0;6;26;56;1;16;82;1;0;22;0;42;65;41;66;107;0;0;1;2;11;89;2;14;89;2;38;38;39;37,9333333333333;2,51253268890586;0;13;1;4;85;51;56;15;88;106;0;1;14;17;8;8;43;0;0;0;1;14;107;0;0;0;0;42;65;82;1;0;22;0;8;97;2;2940;3175;3385;3133,93457943925;464,262089915389;7;88;8;1;106;9,74766355140187;0,674235527180077;1;106
2016;"MUNICIPIO";"353910";257;0;230;1;44;63;60;50;33;4;2;0;256;21;26;32;26,5719844357977;7,00471891386491;0;8;73;131;13;32;97;23;0;137;0;79;178;94;163;255;2;0;1;1;20;235;0;22;235;0;38;39;40;38,4513618677043;1,8641792171614;4;40;10;15;162;257;0;150;107;237;19;1;43;35;60;31;49;10;8;2;1;18;244;13;0;0;0;126;130;97;23;0;137;0;24;220;13;2820;3200;3550;3170,88326848249;579,278411912636;23;210;21;4;253;9,21400778210117;0,916919034355925;4;253
2016;"MUNICIPIO";"353920";327;0;269;3;39;68;91;71;45;9;1;0;324;23;27;32;27,4036697247706;6,5196060130525;0;13;54;203;11;44;201;12;1;109;0;99;227;125;202;319;8;0;1;3;26;292;5;30;292;5;38;39;40;38,5779816513761;2,06025898357874;0;46;11;11;206;327;0;101;226;313;13;0;54;58;50;19;102;6;4;8;0;25;327;0;0;0;0;168;159;201;12;1;109;0;23;293;11;2975;3225;3515;3190,2629969419;528,682676412071;14;279;25;2;323;9,62461538461539;0,923297694396901;1;325
2016;"MUNICIPIO";"353930";896;0;838;4;93;219;239;192;113;34;2;0;892;22;28;32;27,5915178571429;6,59375830943599;3;20;183;474;46;169;639;42;1;209;0;441;449;345;551;877;19;0;7;8;68;797;16;83;797;16;38;39;40;38,5535714285714;2,13704452402975;0;209;34;52;554;88;808;416;480;863;32;0;155;152;155;106;217;9;16;19;0;66;892;1;3;0;0;441;455;639;42;1;209;0;64;783;49;2923,75;3235;3541,25;3204,05691964286;546,219684964363;61;729;84;5;887;9,70179372197309;0,698464830997321;8;883
2016;"MUNICIPIO";"353940";177;0;176;0;17;33;44;43;36;3;1;0;177;24;29;34;28,6949152542373;6,53640392503297;0;2;18;98;11;48;134;7;1;35;0;80;97;79;98;169;8;0;3;2;19;152;1;24;152;1;37;38;39;38,0282485875706;2,31209610362514;3;15;11;10;137;177;0;61;116;165;9;3;18;45;9;28;43;6;3;5;3;17;177;0;0;0;0;89;88;134;7;1;35;0;18;151;8;2870;3140;3505;3133,40677966102;594,689828970572;9;142;18;3;174;9,68361581920904;0,784373251087171;1;176
2016;"MUNICIPIO";"353950";447;0;395;4;83;108;107;93;43;9;0;0;443;21;26;31;26,0223713646532;6,63490165146096;3;21;127;246;6;43;253;18;1;170;0;137;296;167;280;437;10;0;4;5;39;383;16;48;383;16;38;39;40;38,5302013422819;2,32713679323706;2;48;21;12;335;232;215;177;270;426;20;1;96;44;88;26;128;10;8;10;1;36;447;0;0;0;0;249;198;253;18;1;170;0;36;391;20;2865;3205;3487,5;3167,29977628635;526,394453518478;32;356;39;3;443;9,74663677130045;0,664289694414649;2;440
2016;"MUNICIPIO";"353960";73;0;70;0;13;18;16;11;15;0;0;0;73;22;25;33;26,8219178082192;6,87051361850332;0;3;13;45;3;9;49;3;1;20;0;27;46;25;48;71;2;0;2;2;12;57;0;16;57;0;37;38;39;37,3561643835616;2,86923268398103;1;10;1;3;55;73;0;13;60;69;4;0;8;11;4;7;25;0;3;2;0;13;73;0;0;0;0;27;46;49;3;1;20;0;8;64;1;2770;3066;3300;2977,23287671233;660,046705429664;5;61;5;0;73;9,78082191780822;0,47861418417209;0;73
2016;"MUNICIPIO";"353970";38;0;38;0;8;13;8;5;4;0;0;0;38;21;23;29;25,1052631578947;6,12389857138898;0;1;5;26;2;4;25;1;0;12;0;4;34;15;23;38;0;0;0;0;3;35;0;3;35;0;38;39;40;38,5;1,82697505123574;0;7;5;3;23;38;0;11;27;37;1;0;5;8;7;6;8;0;1;0;0;3;38;0;0;0;0;14;24;25;1;0;12;0;4;33;1;2936,25;3135;3578,75;3163,02631578947;558,483152584923;2;32;4;0;38;9,8421052631579;0,369537021476632;3;35
2016;"MUNICIPIO";"353980";1574;0;1355;9;180;377;432;365;164;44;3;0;1565;22;27;32;27,2458703939009;6,39800152351909;1;6;166;1059;105;228;718;111;4;718;0;546;1015;625;949;1535;39;0;8;19;161;1355;31;188;1355;31;38;39;40;38,4034307496823;2,20194987767578;15;218;124;124;946;1572;2;801;773;1526;43;3;186;352;179;249;369;13;28;38;3;155;1568;2;4;0;0;827;747;718;111;4;718;0;149;1374;51;2900;3205;3515;3156,60482846252;564,565983998485;97;1293;133;14;1555;9,35500318674315;2,42847468622755;9;1522
2016;"MUNICIPIO";"353990";56;0;52;0;9;16;17;11;3;0;0;0;56;21,75;26;29,25;25,375;5,51547409979002;0;1;15;25;2;13;40;1;0;14;0;22;34;22;34;56;0;0;0;0;8;47;0;8;47;0;38;38;39;38,0909090909091;1,85864075456917;0;4;1;3;48;56;0;14;42;52;3;0;8;10;7;8;11;1;2;0;0;7;56;0;0;0;0;32;24;40;1;0;14;0;4;50;2;2970,75;3195;3492,5;3182,01785714286;473,164030411574;2;47;6;0;55;9,69090909090909;0,504524979109513;0;56
2016;"MUNICIPIO";"354000";256;0;210;3;27;55;69;71;26;5;0;0;253;23;27,5;32;27,48046875;6,15419587259256;0;3;24;150;12;67;165;15;2;73;0;91;164;113;143;250;6;0;3;1;26;224;2;30;224;2;38;39;40;38,20703125;2,49078879052793;0;14;3;5;191;127;129;58;198;242;14;0;56;30;27;15;89;10;2;6;0;21;255;0;0;1;0;119;137;165;15;2;73;0;28;220;8;2843,75;3176,5;3466,25;3099,50390625;634,481681300769;26;199;24;6;249;9,36862745098039;1,30315942487673;2;254
2016;"MUNICIPIO";"354010";30;0;11;0;2;6;10;7;4;1;0;0;30;24,25;28,5;32,5;28,3666666666667;5,42334248210095;0;0;5;13;0;10;21;0;0;6;0;5;22;12;18;30;0;0;0;0;1;26;2;1;26;2;38;38;40;38,7586206896552;1,90216366303881;0;1;2;1;23;30;0;0;27;12;0;0;0;5;0;2;5;0;0;0;0;0;30;0;0;0;0;13;17;21;0;0;6;0;1;26;3;3007,5;3295;3480;3668,76666666667;1758,50653099163;2;22;4;0;28;9,39285714285714;0,628890010655795;0;29
2016;"MUNICIPIO";"354020";526;0;423;4;98;158;142;85;35;4;0;0;522;20;25;29;25,1425855513308;5,89952477241058;1;26;218;184;23;40;192;21;2;275;0;137;358;252;274;507;19;0;8;1;43;468;5;52;468;5;38;38;39;38,04;2,16590513138686;4;87;24;50;328;186;340;112;414;462;12;1;93;97;42;36;143;3;5;19;1;36;525;0;1;0;0;276;250;192;21;2;275;0;42;470;14;2900;3195;3480;3153,76235741445;615,340520973359;26;444;35;6;499;9,81188118811881;0,810556237670871;3;502
2016;"MUNICIPIO";"354025";37;0;24;0;11;8;6;5;6;1;0;0;37;19;24;33;25,8378378378378;7,98788497077332;0;1;7;21;1;7;28;2;0;7;0;8;29;20;17;37;0;0;0;0;7;29;1;7;29;1;37;38;39;38,0810810810811;1,72205268951489;0;3;0;1;21;37;0;4;33;35;2;0;6;9;1;6;7;2;0;0;0;6;36;0;0;1;0;20;17;28;2;0;7;0;1;36;0;2875;3195;3440;3175,2972972973;342,466451306212;1;33;2;0;36;9,72222222222222;0,513314780122357;0;36
2016;"MUNICIPIO";"354030";18;0;18;0;3;4;6;4;1;0;0;0;18;23;26;30,5;26,0555555555556;5,74427819888137;0;1;3;9;1;4;12;0;0;6;0;11;7;8;10;18;0;0;0;0;1;17;0;1;17;0;38;38,5;39;38,4444444444444;1,19912822364084;0;5;0;2;11;18;0;2;16;18;0;0;0;7;1;4;5;0;0;0;0;1;18;0;0;0;0;8;10;12;0;0;6;0;1;15;2;2866,25;3222,5;3585;3275;611,690040692468;2;13;3;0;18;9,88888888888889;0,323380833381777;0;18
2016;"MUNICIPIO";"354040";40;0;36;0;10;8;7;10;4;1;0;0;40;20,5;26;31,25;26,15;7,19882469039752;0;0;12;24;0;4;23;0;0;16;0;12;28;15;25;38;2;0;1;1;4;34;0;6;34;0;38;39;39,25;38,025;2,9131663978459;0;3;2;1;31;35;5;7;33;39;1;0;5;7;5;2;15;0;1;2;0;3;40;0;0;0;0;27;13;23;0;0;16;0;7;31;2;2800;3180;3521,25;3085,125;726,132014115255;3;33;2;0;40;9,625;0,627877989127481;0;40
2016;"MUNICIPIO";"354050";99;0;97;1;12;22;27;18;15;4;0;0;98;23;27;33;27,6262626262626;6,54277270467327;0;8;35;47;5;3;76;2;0;19;0;17;80;30;69;99;0;1;0;0;6;88;3;7;88;3;38;39;40;38,6428571428571;2,4463311473458;1;16;8;13;60;97;2;61;38;97;1;0;11;16;28;7;29;0;1;0;0;6;94;2;0;3;0;53;46;77;2;0;19;0;8;89;2;2977,5;3200;3420;3156,76767676768;489,432883566252;6;86;4;2;97;12,040404040404;15,507680251213;1;98
2016;"MUNICIPIO";"354060";670;0;655;0;96;184;182;132;67;9;0;0;670;22;26;31;26,3567164179104;6,1781892239454;0;16;143;411;23;76;488;42;0;136;0;123;545;262;408;652;18;2;1;8;75;569;14;86;569;14;38;39;39;38,254110612855;2,27285504456724;0;103;20;26;516;166;504;210;460;645;25;0;101;111;95;62;195;11;7;18;0;69;669;0;1;0;0;333;336;488;42;0;136;0;59;589;22;2860;3200;3490;3138,4776119403;543,389953441371;49;542;59;5;665;9,72537313432836;0,795605133671278;7;661
2016;"MUNICIPIO";"354070";627;0;551;8;97;145;151;138;73;15;0;0;619;21;26;32;26,7129186602871;6,69871063828092;1;10;180;341;19;71;362;39;0;208;0;337;284;259;368;607;20;0;0;3;65;524;16;68;524;16;38;39;40;38,5394736842105;1,93342771286849;0;114;21;27;415;95;532;225;402;594;29;1;57;154;41;91;165;7;17;19;1;56;623;1;3;0;0;339;288;362;39;0;208;0;56;540;31;2910;3220;3542,5;3192,01435406699;557,848034419851;41;470;67;1;626;9,87400318979266;0,409640713756343;8;619
2016;"MUNICIPIO";"354075";274;0;261;3;39;77;75;54;22;4;0;0;271;21;26;31;26,0547445255474;6,22183877750955;0;11;71;173;4;15;192;6;0;71;1;169;105;104;170;266;8;0;1;1;14;253;3;16;253;3;38;39;40;38,5698529411765;1,89840950531771;2;48;10;23;186;274;0;74;200;266;8;0;51;46;34;14;98;0;6;8;0;16;274;0;0;0;0;142;132;192;6;0;71;1;27;233;14;2846,25;3185;3487,5;3149,09124087591;551,383556890703;31;205;26;3;269;9,36397058823529;0,716095686582518;2;272
2016;"MUNICIPIO";"354080";242;0;239;1;34;46;75;58;22;6;0;0;241;23;27;31;27,0661157024793;6,21233619093598;1;7;61;132;11;29;191;8;0;42;0;102;139;110;132;227;15;0;4;1;36;197;4;41;197;4;37;38;39;37,8512396694215;2,48200547016691;1;28;7;8;198;194;48;47;195;232;10;0;28;52;7;41;62;5;2;15;0;30;241;0;0;1;0;129;113;191;8;0;42;0;35;198;9;2691,25;3077,5;3467,5;3038,21900826446;635,315197338405;24;179;22;1;241;9,67768595041322;0,866287697011023;3;239
2016;"MUNICIPIO";"354085";13;0;13;0;1;5;3;1;3;0;0;0;13;22;26;34;26,9230769230769;6,4609279320845;0;0;2;10;0;1;7;0;0;6;0;5;8;7;6;13;0;0;0;1;0;11;1;1;11;1;39;40;40;39,0769230769231;2,69139178559899;0;3;0;0;10;13;0;6;7;13;0;0;2;4;3;0;3;0;0;0;0;1;13;0;0;0;0;6;7;7;0;0;6;0;0;13;0;2995;3145;3445;3234,23076923077;428,484957699053;0;11;2;0;13;9,23076923076923;0,438529009653515;0;13
2016;"MUNICIPIO";"354090";208;0;192;0;26;49;45;53;27;8;0;0;208;22;28;32,25;27,5865384615385;6,53952764167958;0;8;46;111;4;36;121;5;1;80;0;82;126;83;125;206;2;0;0;1;13;190;4;14;190;4;38;39;40;38,6971153846154;1,67089068965238;1;28;9;12;146;203;5;90;118;188;20;0;23;54;21;27;52;4;14;2;0;11;203;4;0;1;0;110;98;121;5;1;80;0;15;183;10;3051,25;3277,5;3565;3255,51923076923;487,1938970761;9;175;21;1;207;9,96153846153846;6,24758593289054;2;206
2016;"MUNICIPIO";"354100";4444;0;4395;25;602;1048;1117;956;555;133;7;1;4418;22;27;32;27,2144464446445;6,64214428459167;2;119;880;2652;229;559;2135;187;11;2106;4;2787;1649;1676;2768;4366;78;2;26;43;333;4023;16;404;4023;16;38;39;40;38,4924600495161;2,0173994058745;43;608;206;213;3347;1926;2518;2166;2278;4287;152;2;758;692;941;412;1101;57;82;78;2;317;4427;3;12;2;0;2255;2189;2135;187;11;2106;4;376;3795;273;2925;3250;3565;3212,44216921692;568,560255715573;264;3613;481;56;4377;9,21069253327318;0,824819908951529;60;4382
2016;"MUNICIPIO";"354105";84;0;81;0;15;23;21;14;10;1;0;0;84;21;25,5;31,25;25,952380952381;6,45634974998185;1;3;17;50;0;10;61;2;0;18;0;26;55;34;50;84;0;0;0;0;10;70;4;10;70;4;38;39;40;38,9285714285714;1,72707506960216;0;11;3;4;63;84;0;44;40;79;2;0;12;16;13;14;14;1;1;0;0;10;84;0;0;0;0;43;41;61;2;0;18;0;3;75;6;2885;3297,5;3588,75;3281,04761904762;465,014079454212;4;69;10;2;79;9,34567901234568;1,23653238763852;1;83
2016;"MUNICIPIO";"354110";39;0;33;1;8;13;13;2;2;0;0;0;38;20;24;27;23,8717948717949;5,61567115161945;0;0;11;25;1;2;25;5;0;9;0;24;15;16;23;37;2;0;0;1;8;30;0;9;30;0;37;38;40;37,7948717948718;2,57701875061584;1;6;2;0;30;39;0;17;22;38;1;0;3;8;2;7;9;1;0;2;0;7;39;0;0;0;0;25;14;25;5;0;9;0;6;31;2;2890;3225;3505;3074,35897435897;679,786324291433;2;31;4;0;39;9,87179487179487;0,33868842842937;0;33
2016;"MUNICIPIO";"354120";115;0;93;0;14;24;34;29;12;2;0;0;115;23;27;31,5;27,1478260869565;5,86581454875332;0;2;14;64;8;26;92;0;0;21;0;37;78;56;59;115;0;0;1;1;9;97;3;11;97;3;38;39;39;38,2342342342342;2,29606364718147;0;12;2;2;84;98;17;23;92;109;4;1;18;27;13;3;35;2;2;0;1;10;115;0;0;0;0;56;59;92;0;0;21;0;7;102;6;2992,5;3215;3524;3211,48695652174;561,49334665439;8;91;11;0;115;9,68695652173913;0,519196703948806;0;115
2016;"MUNICIPIO";"354130";587;0;533;1;98;148;158;119;49;14;0;0;586;21;26;31;26,2793867120954;6,35794906764639;2;19;178;265;34;75;374;4;1;174;0;305;262;223;364;572;15;0;2;5;36;533;11;43;533;11;38;39;39;38,4310051107325;1,89752655014528;5;101;61;72;324;107;480;120;467;554;17;0;167;19;102;5;214;8;7;15;0;34;586;1;0;0;0;305;281;374;4;1;174;0;39;511;37;2960;3275;3527,5;3235,20954003407;533,591900319248;31;471;66;5;567;9,34965034965035;0,901516459398997;4;581
2016;"MUNICIPIO";"354140";2875;0;2435;13;294;572;775;698;427;93;3;0;2862;23;28;33;28,0869565217391;6,43024399854708;0;33;386;1502;191;748;1919;113;18;809;0;735;2131;1251;1624;2791;82;0;16;50;288;2500;17;354;2500;17;38;38;39;38,1755485893417;2,20511944029869;5;307;76;101;1987;55;2820;630;2239;2748;117;6;542;500;316;173;876;42;59;79;6;276;2870;2;2;1;0;1470;1405;1919;113;18;809;0;270;2473;132;2860;3180;3500;3145,10573913043;572,973864463418;177;2325;278;21;2846;9,62643878618765;0,818257288103738;29;2837
2016;"MUNICIPIO";"354150";401;0;381;1;43;100;101;95;45;12;4;0;400;23;27;33;27,6533665835411;6,62812529210037;0;5;47;231;26;91;272;4;2;117;0;124;276;158;243;394;7;0;1;4;28;361;7;33;361;7;38;39;39;38,3715710723192;1,84907808801064;1;52;23;40;279;74;327;58;343;396;4;0;125;18;78;3;137;1;2;7;0;29;400;1;0;0;0;202;199;272;4;2;117;0;20;367;14;2915;3195;3525;3182,62842892768;505,060728120664;20;343;31;4;387;9,42455242966752;0,72593758415599;2;399
2016;"MUNICIPIO";"354160";439;0;423;1;74;126;103;86;40;9;0;0;438;21;26;31;26,0706150341686;6,35459258183743;1;9;89;246;18;65;260;9;0;158;0;220;208;175;264;430;8;0;4;4;57;356;18;65;356;18;38;38;40;38,2961275626424;2,44925830580011;0;36;26;49;314;436;3;143;296;417;10;0;52;82;49;27;144;2;6;8;0;57;438;0;1;0;0;243;196;260;9;0;158;0;46;379;14;2872,5;3175;3462,5;3140,08883826879;546,046850849467;31;346;41;1;427;9,76869158878505;0,507785907258743;7;432
2016;"MUNICIPIO";"354165";59;0;59;0;10;12;15;12;10;0;0;0;59;22,5;28;32;27,3389830508475;6,55904263801463;1;4;13;34;2;5;52;1;0;6;0;24;35;16;43;59;0;0;0;0;6;51;2;6;51;2;38;39;40;38,6610169491525;2,13032431958243;1;14;0;2;42;59;0;26;33;56;3;0;8;4;15;3;20;1;2;0;0;6;59;0;0;0;0;29;30;52;1;0;6;0;0;58;1;3030;3340;3545;3318,30508474576;347,687694497136;1;49;7;0;59;9,83050847457627;0,378406020441342;0;59
2016;"MUNICIPIO";"354170";162;0;160;1;23;45;50;28;13;2;0;0;161;21;26;30;25,9259259259259;5,93395907091956;0;2;26;101;11;21;89;8;0;64;0;29;133;69;93;154;8;0;2;0;16;143;1;18;143;1;38;38;39;38,0617283950617;1,87395141039075;0;23;5;3;130;162;0;35;127;156;6;0;12;44;10;27;42;3;1;8;0;15;162;0;0;0;0;89;73;89;8;0;64;0;11;144;7;2860;3145;3550;3168,52469135802;533,022451843409;8;130;16;1;161;9,50617283950617;0,592362504215605;1;161
2016;"MUNICIPIO";"354180";51;0;49;2;9;15;11;11;3;0;0;0;49;21;24;30;24,8039215686275;5,92290336859597;0;1;13;31;2;3;17;2;0;31;0;27;24;18;33;51;0;0;0;0;5;46;0;5;46;0;37;38;38,5;37,843137254902;1,23891160329715;0;7;0;2;42;51;0;12;39;49;2;0;5;12;5;6;16;0;2;0;0;5;51;0;0;0;0;25;26;17;2;0;31;0;1;48;2;2992,5;3300;3530;3285,43137254902;405,907736063355;2;40;9;0;51;9,88235294117647;0,381945484252892;0;51
2016;"MUNICIPIO";"354190";135;0;128;0;22;35;31;28;14;5;0;0;135;21;26;32;26,8;6,83363062088423;0;1;31;89;2;12;96;9;0;30;0;81;54;52;83;131;4;0;0;2;11;117;4;13;117;4;38;39;39;38,4179104477612;1,69163580334782;0;19;7;16;90;135;0;49;86;127;8;0;23;18;25;12;32;3;4;4;0;13;134;0;0;1;0;77;58;96;9;0;30;0;8;120;7;2925;3205;3537,5;3216,42962962963;530,010159586387;9;105;16;0;132;9,15909090909091;0,5361659970618;3;132
2016;"MUNICIPIO";"354200";81;0;77;2;11;26;17;20;4;1;0;0;79;20;25;30;25,4320987654321;5,97272607693702;0;0;13;54;4;9;42;4;0;32;1;15;64;40;41;81;0;0;0;2;9;70;0;11;70;0;37;39;39;38,1358024691358;2,32246144435033;0;10;3;5;60;81;0;20;61;80;0;0;13;20;3;13;21;0;0;0;0;10;81;0;0;0;0;48;33;42;4;0;32;1;7;70;4;2800;3125;3420;3164,54320987654;938,307266429589;10;64;7;4;76;9,2625;1,1108640723967;0;81
2016;"MUNICIPIO";"354210";88;0;88;0;13;25;21;17;10;2;0;0;88;21;26;31,25;26,4318181818182;6,38927883352567;0;1;23;45;8;11;63;7;0;18;0;16;72;34;54;88;0;0;0;0;5;76;7;5;76;7;38;39;40;38,9772727272727;1,68820977565111;0;17;4;4;63;88;0;24;64;85;3;0;10;21;16;10;23;1;2;0;0;5;87;1;0;0;0;46;42;63;7;0;18;0;4;82;2;2981,25;3160;3487,5;3185,68181818182;449,743337927811;8;75;3;1;87;9,39772727272727;0,719830323673456;1;87
2016;"MUNICIPIO";"354220";438;0;431;4;71;103;104;89;51;16;0;0;434;21;27;32;26,7831050228311;6,83783975969999;0;6;82;259;19;72;277;5;1;154;0;94;343;167;271;419;19;0;0;9;54;370;5;63;370;5;37;38;39;38,0251141552511;2,14504044239836;0;58;16;14;346;76;362;128;310;419;19;0;32;97;33;69;123;4;13;19;0;48;437;1;0;0;0;213;225;277;5;1;154;0;42;378;18;2860;3180;3460;3138,99543378995;555,15677376518;19;359;40;3;433;9,23853211009174;0,627332723594911;6;432
2016;"MUNICIPIO";"354230";48;0;44;0;10;18;8;8;4;0;0;0;48;20;23;29,75;25,0833333333333;6,68702565097051;0;2;16;27;1;2;28;4;0;16;0;18;28;21;27;48;0;0;0;0;8;39;1;8;39;1;37;38,5;40;38,2708333333333;1,96500861709261;0;8;4;1;33;48;0;22;26;48;0;0;4;14;7;5;10;0;0;0;0;8;48;0;0;0;0;22;26;28;4;0;16;0;5;42;1;2940;3150;3417,5;3129,89583333333;459,242541934755;2;42;4;0;48;8,9375;0,665446578574246;1;47
2016;"MUNICIPIO";"354240";233;0;204;0;29;43;69;62;23;7;0;0;233;23;27;32;27,5150214592275;6,21046024756672;0;10;42;123;10;46;149;7;2;74;1;70;162;95;138;229;4;0;0;2;30;200;0;32;200;0;37;38;39;38,2068965517241;1,9092721642145;1;21;8;7;173;166;67;59;172;216;15;1;27;52;24;20;62;10;5;4;1;26;233;0;0;0;0;113;120;149;7;2;74;1;23;202;8;2820;3120;3430;3094,54935622318;557,798395798327;16;194;18;1;232;9,7725321888412;0,597928197484734;1;231
2016;"MUNICIPIO";"354250";61;0;53;0;11;7;20;14;7;2;0;0;61;23;27;32;27,327868852459;6,47487789196422;0;1;11;33;4;10;41;2;0;16;0;27;32;26;35;59;2;0;0;1;4;53;1;5;53;1;38;39;39;38,4406779661017;1,89619570538666;1;6;1;2;49;61;0;25;36;53;3;0;2;19;6;7;13;1;2;2;0;4;60;0;0;1;0;35;26;41;2;0;16;0;5;49;7;2950;3270;3500;3264,67213114754;521,306746593324;5;43;8;0;59;9,76271186440678;0,503059023439303;0;58
2016;"MUNICIPIO";"354260";856;0;848;7;132;206;190;190;105;26;0;0;849;21;27;32;26,892523364486;6,79990644496468;3;19;151;538;42;103;427;25;3;399;2;159;697;329;527;835;21;0;5;6;59;777;9;70;777;9;38;39;40;38,7932242990654;2,00011716058431;1;100;44;59;645;90;766;460;396;802;51;3;142;142;181;93;182;14;27;21;3;51;854;1;1;0;0;429;427;427;25;3;399;2;55;727;74;3037,5;3332,5;3656,25;3297,28971962617;589,972040322274;39;672;122;9;846;9,7672514619883;0,892778102969867;4;851
2016;"MUNICIPIO";"354270";98;0;95;0;18;26;19;24;11;0;0;0;98;20;26;31;26,2448979591837;6,56460553771276;0;3;21;63;2;8;74;4;0;20;0;52;46;45;53;92;6;0;0;1;14;83;0;15;83;0;38;38;39;38,030612244898;2,04815270871071;0;13;7;13;65;98;0;39;59;92;6;0;13;26;7;20;13;1;2;6;0;10;98;0;0;0;0;56;42;74;4;0;20;0;10;86;2;2857,5;3152,5;3423,75;3080,11224489796;537,177904118607;3;83;6;3;93;9,46875;1,15122932006113;1;97
2016;"MUNICIPIO";"354280";35;0;32;0;6;12;5;6;5;1;0;0;35;20,5;24;31;25,9428571428571;7,07914441965169;0;4;10;16;2;3;12;0;0;22;0;6;28;10;25;35;0;0;0;0;2;30;3;2;30;3;38;39;40;39,2;1,76235137045402;0;5;2;0;27;34;1;16;19;34;0;1;4;4;9;6;10;0;0;0;1;1;34;1;0;0;0;12;23;12;0;0;22;0;0;30;5;3162,5;3410;3665;3456,62857142857;446,012798927029;0;29;6;0;35;9,68571428571429;0,471008215953606;0;35
2016;"MUNICIPIO";"354290";159;0;147;3;27;35;50;30;10;4;0;0;156;21;26;30,5;26;6,52356973024099;3;5;40;95;3;11;104;12;0;36;0;89;65;55;104;156;3;0;0;0;15;141;3;15;141;3;38;39;39;38,4654088050314;1,51273025954723;1;47;6;7;96;48;111;25;134;146;11;0;41;7;19;2;62;2;8;3;0;13;159;0;0;0;0;77;82;104;12;0;36;0;13;137;9;2912,5;3225;3595;3249,5786163522;555,797060036223;8;123;25;0;157;9,85350318471338;0,405337570999965;1;158
2016;"MUNICIPIO";"354300";261;0;257;2;62;72;59;45;17;4;0;0;259;20;24;30;24,911877394636;6,36606785412877;3;27;77;143;3;8;201;4;1;54;0;28;233;109;152;251;10;0;2;3;26;230;0;31;230;0;38;39;39;38,2681992337165;2,20421454145658;1;41;15;14;189;255;6;150;111;251;10;0;9;82;17;70;44;1;5;10;0;23;259;0;1;1;0;139;122;201;4;1;54;0;26;225;10;2860;3190;3530;3158,66666666667;568,518499800477;10;217;24;5;253;9,05813953488372;0,895574738785087;2;258
2016;"MUNICIPIO";"354310";66;0;65;0;6;22;16;14;6;2;0;0;66;21,25;25;32;26,6969696969697;6,25353979013166;0;6;19;35;2;4;35;6;0;25;0;28;37;31;35;64;2;0;0;0;5;60;1;5;60;1;37,25;38;39;38,3181818181818;1,5996065949918;1;6;2;5;52;66;0;19;47;64;2;0;3;23;3;8;21;0;1;2;0;5;66;0;0;0;0;35;31;35;6;0;25;0;8;56;2;2832,5;3110;3311,25;3036,13636363636;475,498762802358;5;57;2;0;66;9,43939393939394;0,767188430946458;1;65
2016;"MUNICIPIO";"354320";58;0;58;1;4;20;15;14;4;0;0;0;57;21,25;25,5;31;26,1551724137931;5,87233097009897;0;2;9;29;6;12;45;0;0;13;0;15;43;27;31;56;2;0;0;0;4;54;0;4;54;0;38;38;39;38,3448275862069;1,38350843285722;0;5;1;1;51;58;0;13;45;56;2;0;8;16;5;4;21;0;0;2;0;2;58;0;0;0;0;26;32;45;0;0;13;0;4;52;2;2876,25;3267,5;3566,25;3227;472,684457636623;4;49;3;0;58;9,67241379310345;0,573934742744521;0;58
2016;"MUNICIPIO";"354323";19;0;18;0;3;3;5;6;0;2;0;0;19;22;28;31;27,4736842105263;6,82616226206718;0;0;6;10;1;2;12;0;0;7;0;7;12;7;12;19;0;0;0;0;3;15;0;3;15;0;37;38;40;38,1666666666667;2,12132034355964;0;5;1;2;11;19;0;7;12;18;1;0;3;2;6;0;4;0;1;0;0;2;19;0;0;0;0;7;12;12;0;0;7;0;1;18;0;3245;3472;3650;3419,84210526316;419,068313598139;1;14;3;1;18;9,26315789473684;1,484815935587;0;19
2016;"MUNICIPIO";"354325";100;0;98;0;17;24;24;23;11;1;0;0;100;22;27;31;26,58;6,19576264453979;0;5;22;68;0;5;90;0;0;10;0;14;86;34;66;98;2;0;0;0;3;97;0;3;97;0;38;39;40;38,89;1,50349760575302;1;12;0;0;86;99;1;37;63;97;3;0;18;14;17;16;29;2;1;2;0;1;99;0;1;0;0;44;56;90;0;0;10;0;7;90;3;2960;3145;3471,25;3176,3;465,733168067708;7;86;5;1;98;9,58585858585859;0,78259251275646;6;94
2016;"MUNICIPIO";"354330";1327;0;1195;3;116;283;332;352;180;61;0;0;1324;24;29;33;28,4144687264506;6,3927538518463;1;13;125;825;67;292;692;44;3;495;0;457;856;533;794;1295;32;1;5;13;135;1143;28;154;1143;28;38;38;39;38,2271698113208;2,06733732136205;7;177;85;96;931;838;489;375;952;1275;51;0;92;348;73;200;405;20;24;32;0;130;1322;3;2;0;0;663;664;692;44;3;495;0;125;1151;51;2845;3165;3470;3136,15523737754;539,360216789139;94;1077;112;15;1308;9,39229024943311;2,60707192547835;17;1305
2016;"MUNICIPIO";"354340";8037;0;7089;41;756;1694;2037;2104;1144;252;9;0;7996;23;28;33;28,1438347642155;6,40972583212242;8;140;1476;4032;319;2006;5940;492;19;1577;2;2946;5051;3488;4549;7851;186;6;48;85;745;6922;231;884;6922;231;38;39;40;38,571979594376;2,30208666475169;35;1229;224;340;5415;81;7956;3814;4223;7584;369;10;1702;1272;1439;563;1825;131;162;183;10;681;8006;8;18;5;0;4042;3995;5940;492;19;1577;2;721;6929;387;2905;3230;3524;3179,51984571357;569,72330639902;518;6541;730;93;7944;9,87706855791962;5,61590555374239;123;7880
2016;"MUNICIPIO";"354350";82;0;81;0;17;24;18;14;8;1;0;0;82;20;24,5;31;25,4268292682927;6,69997325921488;0;9;25;39;1;7;60;3;1;17;0;17;64;31;51;80;2;0;0;3;12;67;0;15;67;0;38;39;40;38,1707317073171;2,313699821801;1;7;1;2;70;82;0;39;43;78;3;0;1;24;5;12;24;0;3;2;0;10;82;0;0;0;0;45;37;60;3;1;17;0;11;70;1;2887,5;3160;3587,5;3128,82926829268;590,761692984763;7;65;8;3;78;8,98765432098766;1,08965392625932;1;81
2016;"MUNICIPIO";"354360";34;0;32;0;7;8;8;8;3;0;0;0;34;20,25;25;31,5;25,4411764705882;6,39692718122176;0;0;10;15;3;4;22;1;0;11;0;13;21;16;18;34;0;0;0;0;2;31;1;2;31;1;38,25;39;39;38,8529411764706;1,23416891288261;0;3;3;3;25;34;0;3;31;14;2;18;4;2;2;0;5;1;1;0;18;1;34;0;0;0;0;18;16;22;1;0;11;0;2;31;1;3075;3330;3550;3266,17647058824;512,668388927333;2;30;2;0;34;9,58823529411765;0,499554168435642;0;34
2016;"MUNICIPIO";"354370";116;0;96;1;14;34;32;18;17;0;0;0;115;22;26;31;26,4913793103448;6,22267339396148;0;0;25;70;1;9;50;4;1;44;0;27;77;45;71;112;4;0;2;0;7;98;9;9;98;9;38;39;40;38,6724137931034;2,53591887837942;1;14;7;15;68;114;2;51;65;102;2;1;10;21;14;10;41;0;0;4;1;4;113;1;0;2;0;66;50;50;4;1;44;0;7;102;7;2940;3200;3446,25;3158,83620689655;552,450807473083;14;86;10;2;100;9,67647058823529;0,78553462536112;3;113
2016;"MUNICIPIO";"354380";89;0;88;1;9;23;30;16;8;2;0;0;88;22;26;30;26,4157303370787;6,13449447566058;0;2;22;54;1;10;51;1;0;37;0;45;44;38;51;89;0;0;0;1;7;79;1;8;79;1;38;39;39;38,4886363636364;1,63295316839055;0;9;0;7;73;88;1;31;58;87;2;0;14;18;18;12;17;1;1;0;0;8;88;0;0;1;0;48;41;51;1;0;37;0;3;83;3;3000;3240;3560;3253,15730337079;466,768360375027;1;81;6;1;88;9,55056179775281;1,01142604047067;1;88
2016;"MUNICIPIO";"354390";2437;0;2355;18;329;553;628;556;287;61;4;1;2418;22;27;32;27,1604431678293;6,57638791164581;2;32;450;1355;105;457;1624;146;7;621;2;1233;1168;1104;1333;2380;57;0;9;41;257;2101;23;307;2101;23;38;38;39;38,0863842040313;2,10465477821283;4;371;81;99;1808;45;2392;588;1849;2203;195;3;262;601;178;307;591;74;97;55;3;229;2422;5;9;1;0;1210;1226;1624;146;7;621;2;216;2134;87;2860;3160;3460;3124,36356175626;545,49954354247;125;2013;224;27;2367;9,49498746867168;0,83898926555959;24;2411
2016;"MUNICIPIO";"354400";392;0;385;6;60;81;98;93;46;8;0;0;386;22;27;32;26,9132653061224;6,58896446625847;0;12;82;241;10;47;223;23;0;145;1;106;284;168;224;380;12;0;2;4;40;337;9;46;337;9;38;38;39;38,1632653061224;2,06885998508177;0;54;34;30;269;302;90;99;293;380;12;0;31;112;36;46;109;5;5;12;0;36;391;0;1;0;0;205;187;223;23;0;145;1;35;340;17;2858,75;3162,5;3472,5;3132,69642857143;545,018390254964;14;327;38;2;390;9,77040816326531;0,56163975924602;10;382
2016;"MUNICIPIO";"354410";601;0;547;4;99;130;165;124;60;17;2;0;597;21;26;32;26,630615640599;6,72135857698092;0;2;98;425;22;53;253;42;0;271;0;237;359;234;367;591;10;0;1;5;63;519;13;69;519;13;38;39;39;38,3311148086522;1,91881393621086;3;91;35;67;388;599;2;233;368;585;14;0;39;169;51;97;161;3;9;10;0;61;598;2;1;0;0;328;272;253;42;0;271;0;48;526;27;2890;3155;3450;3144,45590682196;517,943441380638;36;501;51;6;593;9,34056761268781;0,75016632159341;3;597
2016;"MUNICIPIO";"354420";110;0;105;2;28;33;25;11;11;0;0;0;108;19;24;28,75;24,2545454545455;6,17101297743245;0;4;18;75;1;12;53;2;0;55;0;52;58;47;63;110;0;0;0;0;10;98;2;10;98;2;38;38,5;39;38,4;1,47268711525889;0;19;3;3;80;108;2;12;98;107;3;0;18;25;9;12;34;1;2;0;0;9;110;0;0;0;0;52;58;53;2;0;55;0;4;104;2;2882,5;3167,5;3473,75;3159,40909090909;488,732629770957;5;98;7;1;109;9,64545454545454;0,698443402136725;2;108
2016;"MUNICIPIO";"354425";277;0;259;4;42;85;65;56;18;6;1;0;273;21;25;30;25,841155234657;6,3185403602245;0;10;44;168;11;42;134;6;1;134;0;74;202;121;156;271;6;0;2;2;20;246;7;24;246;7;38;39;40;38,4981949458484;2,05473040076537;0;53;6;11;198;43;234;86;191;262;12;1;40;66;32;30;72;3;5;6;1;20;276;0;0;1;0;146;131;134;6;1;134;0;16;251;10;2935;3200;3495;3197,51985559567;498,533084175334;11;237;23;1;274;9,45090909090909;0,678360175866571;2;275
2016;"MUNICIPIO";"354430";131;0;119;0;19;32;36;23;15;6;0;0;131;21;26;32;26,9541984732824;6,63540920472517;1;3;21;78;7;21;87;6;0;34;0;60;69;47;84;125;6;0;1;0;8;122;0;9;122;0;38;39;40;38,412213740458;1,91700980699563;0;22;8;4;94;131;0;41;90;120;9;2;14;22;9;14;51;6;2;6;2;5;131;0;0;0;0;70;61;87;6;0;34;0;9;120;2;2840;3160;3475;3132,78625954198;473,636163634129;5;114;6;2;129;9,20610687022901;0,865737189220026;0;127
2016;"MUNICIPIO";"354440";32;0;31;0;8;8;8;5;3;0;0;0;32;20,5;24,5;29,25;25,3125;6,35730466319219;0;1;9;15;1;5;23;2;0;7;0;5;27;11;21;30;2;0;0;0;5;27;0;5;27;0;37,75;38;39;38,34375;1,49427671574772;0;10;1;0;20;31;1;17;15;32;0;0;7;3;9;2;6;0;0;2;0;3;30;0;1;1;0;13;19;23;2;0;7;0;2;27;3;2831,25;3132,5;3538,25;3224,5625;513,314651506864;1;23;6;0;32;9,4375;0,715609372628355;0;32
2016;"MUNICIPIO";"354450";23;0;23;0;5;3;8;6;1;0;0;0;23;20;27;30,5;26,3913043478261;6,31548695621099;0;2;2;8;2;9;18;0;0;5;0;1;22;12;11;21;2;0;2;0;1;20;0;3;20;0;38;39;39;37,3913043478261;4,39771769769463;0;2;2;1;18;23;0;12;11;22;1;0;1;9;2;4;3;1;0;2;0;1;23;0;0;0;0;10;13;18;0;0;5;0;2;20;1;3017,5;3245;3492,5;3130,4347826087;878,945536945832;0;18;3;2;21;9,1304347826087;1,74001953557704;0;23
2016;"MUNICIPIO";"354460";61;0;60;0;10;20;18;6;7;0;0;0;61;22;25;29;25,4098360655738;5,78324317657007;0;0;9;48;1;2;33;2;0;25;0;32;28;21;40;57;4;0;0;3;7;50;1;10;50;1;37;38;39;37,9180327868852;2,53833989034312;0;10;0;5;45;60;1;19;42;60;0;0;5;10;6;5;20;0;0;4;0;10;60;0;1;0;0;32;29;33;2;0;25;0;5;54;2;2845;3060;3355;3104,09836065574;437,071226267071;4;46;7;1;59;9,73333333333333;0,971922202833942;0;61
2016;"MUNICIPIO";"354470";25;0;25;0;8;5;10;1;1;0;0;0;25;18;24;27;23,16;5,51271258093509;0;1;2;18;1;3;10;0;0;15;0;18;7;12;13;25;0;0;0;0;4;21;0;4;21;0;37;38;39;37,96;1,88148877222268;0;7;0;2;16;25;0;1;24;24;1;0;6;4;3;0;7;1;0;0;0;4;25;0;0;0;0;13;12;10;0;0;15;0;1;24;0;3040;3150;3425;3150,76;426,65250106693;0;25;0;0;25;9,84;0,374165738677394;0;25
2016;"MUNICIPIO";"354480";57;0;57;1;8;16;19;9;3;1;0;0;56;21;25;28;25,3508771929825;5,81098475816699;0;3;8;32;0;14;47;0;0;10;0;17;40;24;33;55;2;0;0;0;6;50;1;6;50;1;38;39;39;38,4736842105263;1,63778228927647;0;5;4;5;43;57;0;14;43;52;5;0;5;17;1;5;16;1;4;2;0;6;57;0;0;0;0;33;24;47;0;0;10;0;5;50;2;2935;3185;3440;3171,9298245614;469,085122478134;2;49;4;0;57;9,66666666666667;0,577350269189626;1;56
2016;"MUNICIPIO";"354490";121;0;117;0;9;27;35;35;13;2;0;0;121;23;28;32;27,7190082644628;5,77093744622695;1;6;29;52;3;30;80;7;0;33;0;35;85;41;80;119;2;2;0;1;11;104;3;14;104;3;38;38;39;37,9834710743802;2,78682457011076;0;10;3;4;102;42;79;31;90;119;2;0;14;23;8;15;45;0;2;2;0;12;121;0;0;0;0;68;53;80;7;0;33;0;10;109;2;2985;3210;3500;3156,30578512397;574,784363087225;8;102;9;3;118;9,64462809917355;0,964879130014319;1;119
2016;"MUNICIPIO";"354500";204;0;201;0;26;63;55;38;18;4;0;0;204;22;26;31;26,3676470588235;5,974257779235;1;9;41;121;8;24;152;4;1;47;0;100;104;82;122;198;6;0;0;0;9;192;3;9;192;3;38;39;39;38,7401960784314;1,30785876249871;3;40;7;5;148;203;1;98;106;200;4;0;13;63;7;52;52;0;4;6;0;7;202;0;0;2;0;95;109;152;4;1;47;0;10;186;8;2863,75;3165;3471,25;3188,49509803922;456,451708877762;9;174;14;0;202;9,42574257425743;0,620488247064825;0;204
2016;"MUNICIPIO";"354510";63;0;62;1;15;20;7;15;5;0;0;0;62;19,5;23;30;24,4603174603175;6,33175661511696;0;0;10;45;2;6;33;1;0;29;0;33;30;21;42;59;4;0;0;0;12;50;1;12;50;1;37;38;39;38,031746031746;1,61613092299673;1;8;0;2;51;63;0;17;46;59;4;0;14;1;10;0;23;1;2;4;0;8;63;0;0;0;0;29;34;33;1;0;29;0;6;57;0;2900;3150;3480;3126,30158730159;455,740044568443;4;49;6;1;62;9,82539682539683;0,813984277800185;1;62
2016;"MUNICIPIO";"354515";76;0;76;0;7;16;18;23;10;2;0;0;76;24;28;32;28,1447368421053;5,97484492935378;1;2;10;41;4;18;58;2;0;16;0;17;59;34;42;76;0;0;0;0;7;69;0;7;69;0;38;38;39;38,2105263157895;1,41718772667264;1;5;2;8;60;76;0;14;62;71;5;0;3;24;2;11;25;5;0;0;0;6;76;0;0;0;0;37;39;58;2;0;16;0;4;70;2;2900;3185;3470;3163,98684210526;451,83479262288;3;68;5;1;75;9,64473684210526;0,778099348728187;1;75
2016;"MUNICIPIO";"354520";1621;0;1565;4;190;368;438;368;209;43;1;0;1617;23;27;32;27,4793337446021;6,39823266880979;0;17;280;972;68;279;1093;58;5;441;0;614;998;622;999;1600;21;1;4;11;116;1476;13;132;1476;13;38;39;39;38,4164096236891;1,78642402719633;3;279;39;61;1215;296;1325;505;1116;1562;56;1;128;432;172;236;473;19;29;21;1;108;1618;0;3;0;0;835;786;1093;58;5;441;0;123;1431;67;2920;3225;3525;3189,36520666255;515,226218922542;98;1359;142;10;1610;9,51851851851852;0,772618357056418;14;1606
2016;"MUNICIPIO";"354530";593;0;561;4;105;164;142;117;52;8;1;0;589;21;25;30;25,8870151770658;6,29690910031856;1;17;96;397;24;58;403;9;0;165;0;186;403;241;352;578;15;0;4;5;66;514;3;75;514;3;38;39;39;38,2635135135135;2,14487619570691;0;75;17;23;466;219;374;240;353;571;20;2;96;111;79;80;133;4;12;15;2;60;591;0;1;1;0;315;278;403;9;0;165;0;55;498;40;2825;3235;3520;3172,77908937605;570,070793465169;38;477;60;7;583;9,12542372881356;0,773849596986953;4;589
2016;"MUNICIPIO";"354540";108;0;97;1;14;34;22;21;12;4;0;0;107;21;26,5;32;26,5277777777778;6,85832372824225;1;11;24;57;3;11;83;1;0;20;0;25;79;28;80;108;0;0;0;0;12;94;2;12;94;2;38;39;39;38,4166666666667;1,62414607326118;0;31;24;13;35;33;75;21;87;103;4;0;9;15;11;11;45;1;3;0;0;12;107;0;1;0;0;56;52;83;1;0;20;0;4;101;3;2967,5;3227,5;3470;3229,86111111111;423,090243755834;10;81;17;0;106;9,86792452830189;0,340181231757796;0;106
2016;"MUNICIPIO";"354550";50;0;40;1;8;15;10;13;2;1;0;0;49;21;25;30;25,86;6,11458610744064;0;2;6;33;3;6;27;1;0;22;0;21;29;15;35;50;0;0;0;1;8;40;1;9;40;1;37,25;38;40;38,32;2,32501920114959;0;10;1;2;28;50;0;14;35;49;1;0;6;5;5;5;19;0;1;0;0;9;50;0;0;0;0;23;27;27;1;0;22;0;8;40;2;2785;3157,5;3380,75;3088,98;583,242046929165;4;42;3;0;50;9,42;0,758354825142114;1;49
2016;"MUNICIPIO";"354560";189;0;169;1;35;56;41;34;20;1;1;0;188;21;25;31;25,9312169312169;6,51026432614741;0;8;37;111;3;28;152;2;0;32;0;41;147;78;111;184;5;0;0;4;12;173;0;16;173;0;38;39;39;38,1640211640212;1,94323067245199;0;23;4;8;150;172;17;22;167;181;6;1;14;55;7;17;75;3;1;5;1;10;188;0;1;0;0;95;94;152;2;0;32;0;17;164;8;2885;3210;3490;3161,44973544974;541,446097455137;7;159;18;1;186;9,5668449197861;0,921413239291284;2;174
2016;"MUNICIPIO";"354570";65;0;44;0;9;17;16;15;7;1;0;0;65;21;27;32;26,8923076923077;6,50269914372841;0;3;9;36;3;14;52;3;0;9;0;10;53;21;44;63;2;0;0;1;6;54;4;7;54;4;38;39;39;38,3692307692308;2,14016084945465;0;1;1;3;43;65;0;8;57;65;0;0;7;12;9;7;23;0;0;2;0;5;65;0;0;0;0;29;36;52;3;0;9;0;6;54;5;2870;3160;3475;3177,8;574,952938291474;3;50;8;0;65;9,81538461538462;0,429109094968419;0;59
2016;"MUNICIPIO";"354580";2401;0;2316;11;249;605;648;554;272;57;5;0;2390;22;27;32;27,3240316534777;6,22735575818482;4;58;457;1418;92;345;1638;96;0;652;0;1139;1257;1015;1386;2354;46;0;8;21;214;2069;82;243;2069;82;38;39;40;38,6633249791144;2,0522469348189;9;175;127;183;1889;934;1467;1095;1306;2315;73;2;250;632;215;345;632;32;28;45;2;202;2390;1;9;1;0;1254;1145;1638;96;0;652;0;171;2097;133;2945;3260;3570;3235,94460641399;535,919760642336;132;1926;259;17;2376;9,51149185123276;0,763379536618396;17;2379
2016;"MUNICIPIO";"354600";154;0;96;0;36;33;37;33;14;1;0;0;154;20;26;30,75;25,6493506493506;6,36527802075213;0;4;27;96;4;23;115;1;0;17;0;50;104;60;94;146;8;0;1;7;19;124;3;27;124;3;37;39;39;37,9155844155844;2,7652164843364;1;30;6;8;74;154;0;79;75;147;5;0;23;21;24;21;32;3;1;8;0;19;153;1;0;0;0;75;79;115;1;0;17;0;18;124;12;2913,75;3272,5;3567,5;3176,92857142857;669,309595578827;8;115;22;3;149;9,4078947368421;1,13554994791534;1;153
2016;"MUNICIPIO";"354610";18;0;18;0;4;4;4;5;1;0;0;0;18;20;26,5;30;25,4444444444444;5,46886612855226;0;0;3;10;2;3;17;0;0;1;0;8;10;9;9;15;3;0;0;0;5;13;0;5;13;0;36,5;38;39;37,5555555555556;2,17532207817391;0;4;0;3;11;18;0;3;15;17;1;0;2;5;0;1;5;0;0;3;0;2;18;0;0;0;0;10;8;17;0;0;1;0;3;15;0;2795;3260;3295;2986,38888888889;590,248715163052;1;11;3;0;18;9,88888888888889;0,323380833381777;0;18
2016;"MUNICIPIO";"354620";33;0;33;0;3;10;9;5;5;0;1;0;33;22;27;31;27,4848484848485;6,60549587522207;0;0;8;18;2;5;26;0;0;7;0;16;17;15;18;33;0;0;0;0;3;29;1;3;29;1;38;39;40;38,9393939393939;1,61901578782053;0;9;4;3;17;33;0;17;16;33;0;0;2;13;3;6;6;0;0;0;0;3;33;0;0;0;0;13;20;26;0;0;7;0;3;29;1;2845;3105;3415;3088,93939393939;480,616072049324;3;28;1;0;33;9,63636363636364;0,548758930347711;2;31
2016;"MUNICIPIO";"354625";28;0;16;0;3;10;4;9;2;0;0;0;28;22,5;26,5;31,25;26,5;5,9410686156866;0;1;4;17;0;4;18;3;0;4;0;15;9;12;16;28;0;0;0;0;2;25;0;2;25;0;37;38;39;38,1111111111111;1,12089707663561;0;8;4;1;11;28;0;3;25;25;2;0;1;9;0;2;11;1;1;0;0;1;28;0;0;0;0;16;12;18;3;0;4;0;2;25;1;2935;3372;3578,5;3227,35714285714;494,073409921577;2;24;1;0;28;9,35714285714286;0,487950036474267;1;25
2016;"MUNICIPIO";"354630";389;0;367;4;55;87;109;87;42;4;1;0;385;21;27;31;26,6555269922879;6,27337702693524;2;23;127;168;6;58;212;22;1;154;0;82;304;157;232;381;8;0;3;3;57;289;30;63;289;30;37;38;40;38,1937172774869;2,62916457369137;0;47;8;8;316;58;331;139;250;378;10;1;62;64;55;32;97;4;4;8;1;56;389;0;0;0;0;202;187;212;22;1;154;0;33;339;17;2840;3140;3406;3131,05398457584;502,914008211617;27;290;45;1;387;9,81958762886598;0,57369362669831;1;385
2016;"MUNICIPIO";"354640";563;0;515;1;85;125;131;144;67;9;1;0;562;22;27;32;27,1190053285968;6,55540670103585;0;9;143;277;17;111;449;6;0;89;0;79;481;231;332;543;19;1;5;3;54;483;15;63;483;15;38;39;40;38,3600713012478;2,3011121523655;2;33;15;10;489;50;513;164;399;534;28;0;120;82;88;34;149;5;19;19;0;44;562;1;0;0;0;286;277;449;6;0;89;0;44;486;33;2960;3235;3547,5;3204,69094138544;565,832945405627;34;434;65;2;561;9,77442273534636;0,711311364005971;2;556
2016;"MUNICIPIO";"354650";59;0;47;0;12;14;14;14;5;0;0;0;59;20;27;31;26,1016949152542;6,18589863361165;0;0;11;40;2;6;33;1;0;24;0;29;30;30;29;59;0;0;1;1;8;48;1;10;48;1;37;38;39;37,728813559322;2,55174388290653;0;3;6;11;31;59;0;14;45;53;2;0;4;19;7;4;12;2;0;0;0;7;59;0;0;0;0;30;29;33;1;0;24;0;3;55;1;2870;3140;3330;3108,77966101695;399,622497200606;1;52;6;1;58;9,77966101694915;1,13057502321133;0;59
2016;"MUNICIPIO";"354660";353;0;344;1;48;81;109;79;27;7;1;0;352;22;27;31;26,8243626062323;6,08395581949752;1;9;55;162;21;105;309;9;0;29;1;64;287;141;212;346;7;0;1;6;31;311;4;38;311;4;38;38;39;38,1076487252125;1,90983500331621;1;48;13;10;279;37;316;91;262;336;15;2;23;99;15;59;101;8;6;7;2;33;352;1;0;0;0;165;188;309;9;0;29;1;19;315;19;2915;3150;3440;3163,52407932011;490,894325456233;17;291;38;2;351;9,74787535410765;0,812824946412309;3;350
2016;"MUNICIPIO";"354670";332;0;321;3;44;95;81;64;38;6;1;0;329;22;26;32;26,6355421686747;6,46741789797896;0;9;82;193;12;33;191;16;0;122;0;180;149;126;206;326;6;0;2;1;29;295;4;32;295;4;38;39;39;38,3262839879154;1,87548888923713;1;45;11;16;248;332;0;88;244;289;40;0;29;74;35;44;82;9;28;6;0;21;329;3;0;0;0;166;166;191;16;0;122;0;21;301;10;2913,75;3202,5;3486,25;3168,49698795181;496,525939961191;24;278;22;2;327;9,57142857142857;0,63575245549584;5;327
2016;"MUNICIPIO";"354680";716;0;669;7;95;195;183;130;87;18;1;0;709;22;26;32;26,7108938547486;6,58129953243055;4;14;100;485;32;78;467;14;2;215;0;192;516;278;438;707;9;0;2;8;76;594;31;86;594;31;38;39;40;38,4866385372714;2,14595035124435;4;78;45;67;510;181;535;259;457;706;9;0;83;160;76;92;204;5;2;9;0;79;715;0;1;0;0;343;373;467;14;2;215;0;52;635;29;2883,75;3232,5;3535;3199,58379888268;520,009063896351;50;573;71;7;707;9,12464985994398;0,720279440148337;6;706
2016;"MUNICIPIO";"354690";120;0;101;0;18;36;26;19;16;5;0;0;120;21;25;32,25;26,5416666666667;7,0244421212539;0;2;16;78;6;6;54;9;0;38;1;23;85;58;62;116;4;0;3;2;15;99;1;20;99;1;37;38;39;37,6583333333333;3,04999196398813;0;11;8;8;81;119;1;43;77;104;3;0;7;30;11;9;32;1;2;4;0;12;117;1;0;2;0;53;67;54;9;0;38;1;14;98;8;2840;3127,5;3440;3050,76666666667;751,213357258275;7;98;11;1;107;9,62037037037037;0,805560031498289;2;118
2016;"MUNICIPIO";"354700";81;0;79;0;14;19;21;14;7;6;0;0;81;21;26;32;26,9135802469136;7,24775401566616;0;6;25;42;1;7;41;5;0;35;0;20;61;26;55;77;4;0;0;0;9;72;0;9;72;0;38;38;40;38,3456790123457;1,67451854145573;0;16;1;4;59;81;0;21;60;73;7;0;6;16;10;13;18;3;3;4;0;7;80;1;0;0;0;42;39;41;5;0;35;0;8;69;4;2870;3100;3450;3161,07407407407;549,296408548649;3;65;9;0;81;9,88888888888889;0,387298334620742;3;78
2016;"MUNICIPIO";"354710";40;0;40;0;11;10;8;7;2;2;0;0;40;19;23,5;30;25;6,59059158466806;0;1;7;26;3;3;28;1;0;11;0;10;30;17;23;40;0;0;0;0;3;37;0;3;37;0;38;39;40;38,525;1,66390797329352;0;4;0;5;31;40;0;11;29;39;1;0;13;3;5;4;11;1;0;0;0;3;40;0;0;0;0;20;20;28;1;0;11;0;1;36;3;2975,5;3363;3655,75;3318,65;484,440811658143;2;32;6;0;40;9,8;0,464095480892257;0;40
2016;"MUNICIPIO";"354720";12;0;11;0;1;4;4;2;1;0;0;0;12;22;25;29,75;26,0833333333333;5,71216140167519;0;0;1;5;2;4;11;0;0;1;0;0;12;6;6;12;0;0;0;0;2;9;1;2;9;1;38;38;39,25;38,25;3,04884478867891;0;2;0;0;10;12;0;3;9;12;0;0;1;5;1;1;2;0;0;0;0;2;12;0;0;0;0;8;4;11;0;0;1;0;1;11;0;2873,75;3242,5;3417,5;3123,75;565,215666803389;0;11;0;0;12;9,75;0,452267016866645;0;11
2016;"MUNICIPIO";"354730";2254;0;2110;5;271;465;527;516;372;94;4;0;2249;23;28;34;28,1903283052351;6,81202003996463;5;32;364;1139;100;612;1109;128;14;997;0;627;1625;897;1357;2217;37;0;7;20;192;2011;19;219;2011;19;38;39;40;38,4846598488217;1,87886266005972;19;238;79;91;1696;2210;44;1100;1154;2122;125;6;361;400;357;240;558;51;63;36;6;176;2131;114;8;1;0;1158;1096;1109;128;14;997;0;179;1988;87;2910;3200;3505;3182,47071872227;523,670627945008;131;1891;187;20;2229;9,42996887505558;2,06297862965978;37;2215
2016;"MUNICIPIO";"354740";19;0;19;0;1;5;4;5;4;0;0;0;19;23,5;29;32,5;28,4736842105263;5,68983910192968;0;0;2;5;3;9;16;1;0;2;0;2;17;8;11;19;0;0;1;0;0;18;0;1;18;0;38;38;39;37,8947368421053;2,99805004854276;0;2;2;0;15;19;0;2;17;17;2;0;2;6;0;2;7;0;2;0;0;0;19;0;0;0;0;7;12;16;1;0;2;0;2;17;0;2990;3360;3450;3122,63157894737;658,555592062096;1;18;0;0;19;9,78947368421053;0,535303379031311;0;19
2016;"MUNICIPIO";"354750";263;0;252;1;33;52;65;61;44;6;1;0;262;23;28;33;27,9467680608365;6,72844444916809;1;5;54;132;11;56;206;15;0;42;0;108;154;107;156;255;8;0;0;8;23;226;6;31;226;6;38;38;39;38,1026615969582;2,25834173514105;1;31;8;10;207;44;219;57;206;249;12;1;12;74;19;27;90;5;3;8;1;23;263;0;0;0;0;126;137;206;15;0;42;0;23;231;9;2902,5;3165;3460;3127,88593155894;529,203364198666;17;211;23;2;261;9,77946768060836;0,72892560661703;2;260
2016;"MUNICIPIO";"354760";244;0;180;0;26;73;70;49;20;6;0;0;244;22;26;31;26,6065573770492;5,96844566492236;0;2;40;130;10;28;155;7;0;48;0;89;147;104;140;238;6;0;1;1;26;211;5;28;211;5;38;39;40;38,5737704918033;2,14655636856001;2;35;5;20;134;216;28;91;153;208;6;1;32;57;16;17;62;3;1;6;1;22;239;4;1;0;0;130;114;179;7;0;49;0;12;221;11;2945;3222;3512,75;3213,77459016393;499,017803200802;10;204;21;4;240;9,95081967213115;5,77899197927858;2;236
2016;"MUNICIPIO";"354765";12;0;10;0;2;3;5;2;0;0;0;0;12;21,5;26;26,25;24,75;4,63435785489994;0;0;0;5;0;7;10;0;0;1;0;0;12;9;3;12;0;0;0;1;0;11;0;1;11;0;38;38;39;37,6666666666667;2,90245455162392;0;1;0;2;9;12;0;1;11;12;0;0;0;8;0;0;3;0;0;0;0;1;12;0;0;0;0;6;6;10;0;0;1;0;0;12;0;3151,25;3282,5;3493,75;3269,16666666667;369,660983097003;0;10;2;0;12;9,66666666666667;0,492365963917331;0;11
2016;"MUNICIPIO";"354770";211;0;166;1;33;60;57;32;27;1;0;0;210;21;25;30;25,9336492890995;6,18256807870684;0;3;38;121;10;37;134;6;0;68;0;50;158;90;121;209;2;0;0;3;19;174;5;22;174;5;38;39;40;38,4825870646766;2,03983952153885;0;27;6;11;139;136;75;69;141;204;3;0;36;41;30;14;50;0;3;2;0;22;211;0;0;0;0;115;96;134;6;0;68;0;14;188;9;2917,5;3250;3505;3202,31753554502;500,813631932214;11;168;19;1;209;9,59523809523809;0,740474560412688;1;208
2016;"MUNICIPIO";"354780";8802;0;8577;19;823;1676;2232;2277;1448;308;19;0;8783;24;29;34;28,601113383322;6,49430111312547;7;88;952;4502;626;2589;5271;509;55;2892;3;4087;4667;3869;4933;8608;194;1;23;54;803;7875;41;881;7875;41;38;39;39;38,3253381834716;1,77102397905593;27;958;473;600;6595;2820;5982;3048;5754;8404;347;7;634;2662;663;1380;2235;140;148;193;7;695;8768;21;10;3;0;4477;4321;5271;509;55;2892;3;729;7742;331;2890;3190;3480;3159,87434673938;518,484185694734;506;7352;726;94;8653;9,35109180290385;0,860814304073045;81;8713
2016;"MUNICIPIO";"354790";80;0;73;1;19;24;17;11;6;2;0;0;79;19,75;23;29;24,775;6,44936460416593;0;3;21;45;1;9;62;4;0;13;0;34;46;36;44;80;0;0;0;2;7;70;0;9;70;0;38;39;40;38,4050632911392;2,11538314006617;0;17;0;4;53;78;2;41;39;77;1;0;17;11;10;13;17;1;0;0;0;9;80;0;0;0;0;39;41;63;4;0;13;0;9;67;4;2808,75;3122,5;3481,25;3074,125;584,863467243814;9;64;6;0;80;9,6125;0,720297934138403;2;78
2016;"MUNICIPIO";"354800";262;0;254;0;46;73;57;51;28;6;1;0;262;21;26;30,75;26,1488549618321;6,65953487971438;3;10;71;139;8;29;177;18;0;65;0;154;106;117;145;253;8;0;3;6;26;219;6;35;219;6;37,75;39;40;38,1769230769231;2,51931652377301;0;64;17;10;165;259;3;88;173;249;11;0;75;22;47;13;64;5;1;8;0;25;257;3;0;2;0;129;133;179;18;0;65;0;31;219;12;2783,75;3135;3478;3079,78625954198;648,266926334997;17;212;23;1;261;10,3396946564886;7,81999774024046;5;257
2016;"MUNICIPIO";"354805";112;0;108;4;14;25;32;22;13;2;0;0;108;20,75;26;31;26,2142857142857;6,6622894252727;0;0;23;70;6;13;63;9;0;37;0;42;69;44;68;110;2;0;0;0;9;102;1;9;102;1;38;38;39;38,0892857142857;1,41773561003957;0;28;5;3;75;112;0;18;94;108;3;1;9;32;2;14;43;0;3;2;1;6;112;0;0;0;0;49;63;63;9;0;37;0;9;100;3;2961,25;3235;3503,75;3210,6875;492,869608531012;3;94;13;1;111;9,66964285714286;0,649162910148511;1;111
2016;"MUNICIPIO";"354810";51;0;48;0;7;15;14;10;4;1;0;0;51;21,5;26;30;26,5686274509804;6,31903442611538;0;4;12;28;0;7;44;1;0;6;0;21;30;21;30;51;0;0;0;0;7;39;5;7;39;5;37;38;39,5;38,4117647058824;2,19250058689374;1;5;0;1;41;51;0;6;45;50;1;0;5;13;3;4;18;0;1;0;0;7;51;0;0;0;0;26;25;44;1;0;6;0;2;48;1;2874,5;3230;3467,5;3179,39215686275;449,200671345508;3;44;4;0;51;9,27450980392157;0,826521176317922;1;50
2016;"MUNICIPIO";"354820";79;0;75;0;10;25;18;18;8;0;0;0;79;21;26;31;26,2278481012658;5,93760153400605;0;2;24;44;2;7;71;2;0;6;0;28;50;33;46;77;2;1;0;0;9;69;0;10;69;0;37;39;40;38,0886075949367;2,56799769059786;0;9;8;2;57;79;0;21;58;71;8;0;11;14;2;21;13;2;6;2;0;8;33;46;0;0;0;47;32;71;2;0;6;0;6;71;2;2952,5;3180;3440;3154,11392405063;607,622394283164;3;67;6;2;77;9,06329113924051;1,13614025127249;2;77
2016;"MUNICIPIO";"354830";30;0;27;0;2;9;6;6;5;2;0;0;30;23;29;33,75;28,6333333333333;6,96039700281396;0;1;4;20;1;4;17;1;0;12;0;7;23;8;22;30;0;0;0;0;4;25;1;4;25;1;37;38,5;39,75;38,2333333333333;2,11208890443321;0;4;0;0;23;30;0;10;20;30;0;0;2;5;7;1;11;0;0;0;0;4;30;0;0;0;0;16;14;17;1;0;12;0;0;29;1;2982,5;3292,5;3597,75;3326,9;417,763367272051;0;23;6;0;30;9,7;0,595963433268438;0;30
2016;"MUNICIPIO";"354840";70;0;69;0;10;21;23;12;3;1;0;0;70;22;26,5;29;25,8142857142857;5,76418944147261;0;3;16;45;3;3;29;2;0;39;0;32;37;30;40;69;1;0;1;1;5;63;0;7;63;0;38;38;39;37,9571428571429;2,49309605717681;0;15;8;1;46;70;0;20;50;65;4;1;7;18;8;5;21;2;1;1;1;6;70;0;0;0;0;37;33;29;2;0;39;0;8;61;1;2822,5;3095;3377,5;3046,44285714286;607,463069449774;3;63;3;0;70;9,2;0,604332186222402;2;68
2016;"MUNICIPIO";"354850";4513;0;4368;13;429;861;985;1167;820;226;12;0;4500;24;29;34;28,9426102370928;6,80793589468535;4;51;587;2221;293;1355;2853;164;14;1473;3;2641;1852;1932;2581;4387;124;1;18;57;342;4014;36;418;4014;36;38;39;40;38,5029095792301;2,05449390182307;19;416;162;175;3644;260;4253;1593;2920;4348;149;7;479;1202;419;600;1204;57;61;122;7;317;4479;6;28;0;0;2317;2196;2853;164;14;1473;3;390;3913;210;2910;3220;3520;3179,96875692444;552,440597355939;291;3650;396;59;4448;9,39560683381407;3,64118672872668;50;4461
2016;"MUNICIPIO";"354860";134;0;123;0;20;25;30;40;16;3;0;0;134;22;28;32;27,4477611940299;6,60208119861224;2;1;27;74;7;21;114;3;0;12;0;32;99;59;75;130;4;0;0;3;13;117;1;16;117;1;38;38;39;37,9402985074627;1,78026438025558;0;25;3;13;92;36;98;46;88;70;64;0;17;12;16;4;9;26;36;4;0;10;123;10;1;0;0;78;56;114;3;0;12;0;13;117;4;2885;3175;3413,75;3136,55223880597;531,008624134038;7;110;13;1;131;9,5530303030303;1,01375572542425;2;130
2016;"MUNICIPIO";"354870";10761;0;10658;28;1094;2226;2658;2717;1609;399;26;4;10729;23;28;33;28,2917944428956;6,58203710125915;5;123;1252;5710;661;2995;6044;654;63;3966;5;2894;7847;4645;6116;10462;298;3;66;115;988;9539;42;1172;9539;42;38;39;39;38,2540686320097;2,08072495561026;55;1264;587;658;8135;4036;6725;4009;6751;10274;455;14;1371;2570;1439;1165;2612;179;199;295;14;897;10700;22;29;10;0;5519;5240;6044;655;63;3966;5;1076;9302;383;2865;3175;3470;3128,70662577827;554,083903401885;685;8965;792;96;10650;9,53982877349712;4,22780194505841;143;10612
2016;"MUNICIPIO";"354880";1776;0;1750;1;107;231;361;559;427;83;7;0;1775;26;31;35;30,4515765765766;6,22741940474411;0;7;141;605;133;889;1349;50;16;352;0;700;1073;795;981;1699;77;0;10;16;164;1572;9;190;1572;9;38;38;39;38,1891586674195;2,05044184936693;2;170;66;90;1438;966;810;511;1265;1671;101;2;162;489;117;211;498;42;44;77;2;128;1769;1;6;0;0;917;859;1349;50;16;352;0;160;1541;75;2900;3212,5;3515;3166,86204954955;550,179334246745;84;1449;155;14;1760;9,55918827508455;0,784539421831954;14;1755
2016;"MUNICIPIO";"354890";3135;0;2906;13;315;618;789;802;484;110;4;0;3122;23;29;33;28,3068580542265;6,51768010669013;3;37;355;1949;144;633;2221;350;12;529;1;752;2364;1283;1852;3059;76;0;9;32;278;2725;55;319;2725;55;38;38;39;38,3294611164892;1,96241476852207;5;294;112;152;2423;35;3100;946;2189;2596;525;4;273;675;212;252;857;183;332;75;4;232;3116;2;17;0;0;1538;1597;2221;350;12;529;1;302;2687;146;2880;3185;3510;3158,28197767145;564,490684461282;201;2521;281;15;3105;9,79391025641026;0,615208630583587;5;3127
2016;"MUNICIPIO";"354900";21;0;18;0;6;6;6;1;2;0;0;0;21;19;23;27;24,047619047619;5,92854274232876;0;1;2;16;0;2;17;0;0;4;0;2;18;11;10;20;1;0;0;0;3;17;1;3;17;1;38;38;39;37,9523809523809;2,31249195622797;0;2;0;0;16;21;0;1;20;21;0;0;4;5;1;2;6;0;0;1;0;2;21;0;0;0;0;9;12;17;0;0;4;0;3;16;2;2850;3170;3360;3074,04761904762;648,244975004857;1;15;3;0;21;9,66666666666667;0,577350269189626;0;21
2016;"MUNICIPIO";"354910";1065;0;1006;1;95;228;253;283;164;38;3;0;1064;24;29;33;28,4319248826291;6,45671785103592;4;26;195;554;61;222;888;59;0;107;1;405;655;430;635;1032;33;0;4;8;134;883;34;146;883;34;38;39;39;38,2765757290687;2,11101646682694;2;234;36;38;717;84;981;266;799;1014;45;0;163;190;76;121;324;13;22;33;0;116;1063;0;1;1;0;544;521;888;59;0;107;1;95;917;53;2890;3215;3495;3161,64882629108;558,308219794805;59;859;108;8;1053;9,72196041470311;0,67361200574261;9;1053
2016;"MUNICIPIO";"354920";14;0;14;0;7;2;2;1;2;0;0;0;14;18;19,5;26,75;23;7,23240570679579;0;0;3;9;1;1;6;3;0;5;0;4;10;7;7;11;3;0;0;0;3;11;0;3;11;0;38;38;39;38;1,66410058867569;0;4;0;0;10;14;0;6;8;12;2;0;1;3;1;2;2;1;1;3;0;0;14;0;0;0;0;3;11;6;3;0;5;0;2;11;1;2588,75;3222,5;3455;3096,78571428571;541,474508039984;2;7;2;0;14;9,35714285714286;0,928782731664065;0;14
2016;"MUNICIPIO";"354925";24;0;23;0;7;6;4;4;3;0;0;0;24;19;23,5;30,75;25,25;7,13990622274307;0;0;4;16;0;4;12;0;0;12;0;6;17;9;15;24;0;0;0;0;4;19;1;4;19;1;37;38,5;40;38,2916666666667;2,52774459817901;0;1;0;0;22;24;0;9;15;24;0;0;2;6;6;6;0;0;0;0;0;4;24;0;0;0;0;15;9;12;0;0;12;0;1;22;1;2807,5;3110;3288,75;3089,375;417,204236555671;3;19;1;1;23;9,33333333333333;1,09014026487487;0;24
2016;"MUNICIPIO";"354930";18;0;18;0;2;5;5;1;4;1;0;0;18;22,25;27,5;34,5;27,7222222222222;7,64511036011258;0;1;0;12;1;4;12;1;0;5;0;1;17;6;12;16;2;0;0;0;1;17;0;1;17;0;38;39;39;38,5;1,46528455377425;1;4;1;1;11;18;0;1;17;18;0;0;1;5;1;1;7;0;0;2;0;1;18;0;0;0;0;5;13;12;1;0;5;0;4;12;2;2691,5;3140;3495;3099,55555555556;639,733880538226;1;11;4;0;18;10;0;1;17
2016;"MUNICIPIO";"354940";581;0;564;1;66;124;153;153;70;14;0;0;580;23;28;32;27,6265060240964;6,27281378418683;0;12;87;365;13;104;305;59;0;212;0;283;293;230;351;567;14;0;3;5;46;523;4;54;523;4;37;38;39;38,1118760757315;1,88904649140387;3;187;23;29;333;63;518;56;525;561;19;0;132;66;61;20;230;7;8;14;0;42;580;1;0;0;0;310;271;305;59;0;212;0;42;515;24;2920;3215;3505;3175,85886402754;531,789114974079;35;476;55;8;572;9,66551724137931;0,848762529905743;8;571
2016;"MUNICIPIO";"354950";115;0;109;0;26;36;25;15;11;2;0;0;115;20;24;29;25,0608695652174;6,7072714620249;0;4;40;58;2;9;73;9;0;30;0;64;49;51;64;115;0;0;1;0;9;105;0;10;105;0;37,5;38;39;38,0869565217391;2,19874452770054;2;14;8;13;74;115;0;42;73;108;4;0;11;31;8;21;28;2;2;0;0;9;115;0;0;0;0;58;57;73;9;0;30;0;10;103;2;2862,5;3115;3355;3058,12173913043;477,131140673565;10;101;4;1;112;9,53982300884956;0,963952042283748;2;113
2016;"MUNICIPIO";"354960";49;0;46;0;8;13;14;9;3;1;1;0;49;20;26;30;26,0816326530612;6,82164671802771;0;5;6;33;0;5;35;2;0;12;0;33;16;24;25;49;0;0;0;0;6;41;2;6;41;2;38;39;39;38,3265306122449;1,72467092394995;0;9;5;7;26;47;2;21;28;47;2;0;11;9;6;8;7;1;1;0;0;6;46;1;0;2;0;24;25;35;2;0;12;0;2;44;3;2820;3240;3445;3191,14285714286;452,083648233377;4;41;4;0;49;14,6938775510204;21,7583356456331;1;47
2016;"MUNICIPIO";"354970";654;0;622;2;75;156;172;150;83;16;0;0;652;22;27;32;27,388379204893;6,42465480829544;0;25;154;366;18;90;534;29;0;88;0;338;315;285;369;642;12;0;4;2;77;563;3;83;563;3;37;38;39;37,9861325115562;1,9320538520838;6;59;19;18;536;24;630;98;556;634;15;2;30;208;20;54;240;8;3;12;2;69;651;1;2;0;0;336;318;534;29;0;88;0;62;575;17;2811,25;3125;3413,75;3096,07339449541;529,103180211043;46;530;60;8;639;9,02009273570325;0,728392345747423;10;634
2016;"MUNICIPIO";"354980";5392;0;5326;20;516;1158;1418;1365;774;132;9;0;5372;23;28;33;28,0038946587537;6,29428724938507;5;78;790;2805;342;1366;3839;336;15;1172;0;2875;2504;2326;3066;5275;117;0;24;49;551;4757;9;624;4757;9;38;38;39;38,1680890538033;1,95902123726709;10;517;195;292;4355;93;5299;1051;4341;5157;225;4;488;1454;228;607;1796;100;95;116;4;496;5349;6;30;7;0;2771;2621;3839;336;15;1172;0;501;4690;201;2880;3170;3470;3140,78653560831;546,13776504892;261;4577;434;23;5354;9,73721405988469;0,640533670408733;67;5321
2016;"MUNICIPIO";"354990";9562;0;8626;25;1060;2008;2406;2387;1368;288;20;0;9537;23;28;33;27,9892281949383;6,498387806662;2;99;983;5449;578;2431;6320;378;32;2403;9;2990;6517;3846;5716;9293;260;5;52;100;885;8451;68;1042;8451;68;38;39;39;38,2533207823449;2,07632744919293;18;1024;504;564;7010;293;9269;3728;5834;9270;249;18;1079;2199;1126;1202;2633;89;110;256;18;820;9531;1;29;1;0;4869;4691;6320;378;32;2403;9;864;8357;340;2900;3195;3495;3151,71216399958;555,939545669169;504;7966;784;57;9469;9,41014066764644;0,757574552969969;86;9463
2016;"MUNICIPIO";"354995";238;0;222;2;36;61;66;40;22;11;0;0;236;21;26;30,75;26,4327731092437;6,69732120065621;1;8;48;139;6;34;118;16;1;102;0;148;89;89;149;238;0;0;3;3;21;207;4;27;207;4;38;39;40;38,5126050420168;2,46277105845996;3;30;6;14;171;235;3;153;85;229;8;0;35;40;46;44;38;4;4;0;0;26;235;3;0;0;0;128;110;118;16;1;102;0;21;214;3;2890;3215;3552,5;3163,04201680672;516,482927366331;15;203;18;4;234;9,37394957983193;0,954046428725762;3;235
2016;"MUNICIPIO";"355000";109;0;102;1;23;28;26;18;9;4;0;0;108;20;25;31;25,5229357798165;6,51294484550978;1;0;27;70;2;9;88;3;0;18;0;43;63;47;62;107;2;0;0;0;9;98;2;9;98;2;38;39;40;38,5412844036697;1,55475441726185;0;23;5;5;74;107;2;61;48;107;1;1;8;33;16;16;25;1;0;2;1;7;107;2;0;0;0;56;53;88;3;0;18;0;11;94;4;3010;3260;3510;3204,05504587156;471,111664730985;6;91;9;1;108;8,90825688073394;0,687740320336176;3;104
2016;"MUNICIPIO";"355010";530;0;519;3;77;149;121;110;65;5;0;0;527;21;26;32;26,4584905660377;6,44470251710172;0;9;88;351;13;62;386;27;0;110;0;184;338;230;300;514;16;0;1;6;46;463;14;53;463;14;38;39;40;38,4169811320755;2,05631820383153;1;94;24;18;384;265;265;221;309;491;25;7;71;117;63;69;121;9;12;15;7;39;529;0;1;0;0;254;276;386;27;0;110;0;49;452;29;2905;3190;3501,25;3159,31509433962;557,727075118229;35;428;50;6;516;9,5727969348659;0,873730190739336;2;528
2016;"MUNICIPIO";"355020";455;0;432;3;81;119;102;102;38;8;2;0;452;21;26;31;26,0857142857143;6,57448966928838;4;24;136;239;13;38;347;4;4;96;0;163;290;171;284;448;7;0;4;3;37;408;2;44;408;2;38;39;39;38,2070484581498;1,9947710037671;1;82;22;25;308;441;14;207;248;432;22;1;42;113;57;63;118;3;16;7;1;34;454;0;0;1;0;222;233;347;4;4;96;0;40;395;20;2875;3185;3535;3160,03076923077;560,647842639616;33;365;49;7;448;9,37802197802198;0,795056615306315;8;447
2016;"MUNICIPIO";"355030";167303;0;165094;691;19685;35720;38940;39882;25585;6371;400;29;166583;22;28;33;28,0384810792395;6,79347193606807;165;3032;26321;89086;9786;38753;82624;12492;2108;69212;657;76447;90540;69135;98168;162874;4425;50;946;1614;15120;147774;1528;17730;147774;1528;38;39;40;38,3933617510417;2,10169254440472;1331;25504;10119;10132;119446;6038;161265;79879;87420;159917;6757;408;22160;36590;26513;22150;35424;2525;2960;4332;408;13788;165911;492;753;142;0;85646;81627;82624;12492;2108;69214;657;15910;144334;7055;2875;3195;3500;3152,15422686328;561,065745307055;10965;137004;14153;1738;165144;9,56245730516173;3,14196272151657;3289;163740
2016;"MUNICIPIO";"355040";409;0;408;0;50;122;99;79;44;13;2;0;409;21;26;32;26,7383863080685;6,62345197137165;2;13;106;226;12;50;265;22;2;120;0;117;292;154;255;398;11;0;1;7;36;354;11;44;354;11;38;39;40;38,3740831295843;2,09911587432825;1;94;12;16;285;167;242;121;288;398;11;0;29;107;36;81;101;4;5;11;0;35;407;0;2;0;0;206;203;265;22;2;120;0;31;369;9;2885;3180;3460;3137,29339853301;526,045925435316;21;349;24;6;403;9,77506112469438;0,89839948027399;3;406
2016;"MUNICIPIO";"355050";85;0;84;1;13;21;28;13;7;2;0;0;84;22;26;30;26,0235294117647;6,10420711786675;0;2;17;54;2;10;54;2;0;28;0;24;61;34;51;85;0;0;0;2;5;78;0;7;78;0;38;39;40;38,5764705882353;1,9357321156424;0;5;3;3;74;85;0;38;47;82;3;0;13;15;18;3;26;2;1;0;0;7;85;0;0;0;0;42;43;54;2;0;28;0;7;72;6;2850;3100;3460;3136,70588235294;545,73211690111;6;72;7;1;84;9,42352941176471;0,67922348149569;0;85
2016;"MUNICIPIO";"355060";1122;0;1061;6;139;276;272;242;147;33;6;1;1115;22;27;33;27,4304812834225;6,75419567888033;3;16;217;591;65;223;758;34;4;299;0;492;615;456;666;1095;27;0;4;22;123;932;38;149;932;38;38;39;39;38,2475424486148;2,34433636812584;4;219;57;78;741;179;943;400;722;1086;36;0;173;215;133;117;296;10;17;27;0;131;1121;0;1;0;0;589;533;758;34;4;299;0;101;985;36;2875;3180;3493,75;3143,20409982175;550,273251609812;81;890;103;13;1108;9,56378233719893;0,846046247306023;6;1115
2016;"MUNICIPIO";"355070";1270;0;1237;7;178;312;331;265;135;41;1;0;1263;22;27;32;26,9055118110236;6,50953482747217;1;37;236;822;64;110;534;77;2;637;15;309;957;496;774;1252;18;0;7;8;70;1166;17;85;1166;17;38;39;40;38,7847003154574;1,94563506494285;4;197;65;52;932;150;1120;583;687;1238;30;2;186;261;207;202;294;11;17;17;2;71;1250;16;4;0;0;605;665;534;77;2;637;15;107;1100;63;2905;3237,5;3540;3199,63543307087;558,110471880174;96;1035;112;14;1254;9,64747634069401;0,76600106761556;8;1258
2016;"MUNICIPIO";"355080";105;0;95;1;15;24;24;27;12;2;0;0;104;22;27;32;26,9333333333333;6,63943154811097;0;9;26;46;5;16;74;3;0;25;0;40;62;45;60;104;1;0;2;2;11;80;8;15;80;8;37,5;39;40;38,2815533980583;2,78094875800862;1;16;1;1;81;101;4;32;73;98;6;0;13;21;10;6;32;4;2;1;0;13;103;0;1;1;0;61;44;74;3;0;25;0;13;89;3;2810;3220;3490;3103,65714285714;598,551710839966;7;81;10;0;104;9,32692307692308;0,660131021009601;3;101
2016;"MUNICIPIO";"355090";155;0;134;0;27;32;48;32;13;3;0;0;155;22;26;30;26,4322580645161;6,17180366282425;0;2;41;88;4;17;97;10;0;47;0;67;88;66;89;151;4;0;0;1;20;130;4;21;130;4;38;39;40;38,5612903225806;2,02607634042832;2;32;2;6;95;146;9;82;73;145;6;2;26;27;28;10;36;3;3;4;2;14;153;0;0;2;0;76;78;98;10;0;47;0;10;137;8;2975;3270;3592;3249,01290322581;507,816729737468;9;118;21;3;151;9,38311688311688;1,07373912648242;6;149
2016;"MUNICIPIO";"355100";4805;0;4547;32;744;1232;1109;958;589;132;9;0;4773;21;26;32;26,7498439125911;6,74082026647281;5;94;1014;2992;204;494;2131;263;7;2391;1;3242;1548;1907;2898;4706;96;1;27;52;387;4274;44;467;4274;44;38;39;40;38,4771159874608;2,13064831666207;39;674;348;339;3202;2763;2042;2092;2712;4662;132;5;546;1128;586;698;1219;47;63;95;5;392;4773;4;22;6;0;2461;2342;2131;263;7;2391;1;419;4132;254;2910;3230;3535;3188,05431841831;559,474279819862;311;3858;501;59;4718;9,17542390621729;0,906540856587765;65;4737
2016;"MUNICIPIO";"355110";118;0;110;0;17;31;26;26;17;0;1;0;118;21;27;33;27,135593220339;6,48458428935623;0;6;28;67;3;14;94;0;0;24;0;36;82;42;76;116;2;0;0;3;5;110;0;8;110;0;38;39;39;38,3813559322034;1,9033011875925;0;8;1;7;95;117;1;42;76;113;5;0;10;29;13;22;32;2;3;2;0;5;117;0;1;0;0;66;52;94;0;0;24;0;7;106;5;2906,25;3217,5;3422,5;3153,30508474576;535,846331277126;7;96;13;0;117;9,41025641025641;0,631826118510331;0;118
2016;"MUNICIPIO";"355120";45;0;45;1;8;14;14;5;3;0;0;0;44;21;24;28;24,5555555555556;6,09230347374141;0;3;10;28;1;3;40;0;0;5;0;20;25;24;21;45;0;0;0;2;5;37;1;7;37;1;37;39;40;38,0444444444444;2,72993136406856;0;14;5;1;25;45;0;13;32;43;2;0;18;4;8;2;5;1;1;0;0;6;45;0;0;0;0;20;25;40;0;0;5;0;4;37;4;2880;3100;3465;3122,55555555556;670,592192684115;3;37;5;1;44;9,66666666666667;1,38169855941551;2;43
2016;"MUNICIPIO";"355130";32;0;31;0;3;10;12;6;1;0;0;0;32;22;26;29;25,75;5,14938142229317;0;0;4;24;0;4;25;1;0;6;0;9;23;15;17;32;0;0;0;1;6;24;1;7;24;1;37;38;39;37,65625;2,23764529173256;0;6;0;2;24;32;0;5;27;31;0;0;7;5;2;4;6;0;0;0;0;7;32;0;0;0;0;11;21;25;1;0;6;0;2;29;1;2922,5;3195;3377,5;3137,03125;497,334604335305;0;30;1;0;32;9,78125;0,490843579315079;0;31
2016;"MUNICIPIO";"355140";118;0;95;0;21;38;31;12;14;2;0;0;118;21;24,5;29;25,5847457627119;6,39354144094125;2;6;25;68;2;7;76;8;0;28;0;48;68;46;72;116;2;0;0;0;9;100;4;9;100;4;38;39;40;39,0353982300885;1,75727672601174;0;24;3;3;67;113;5;72;46;107;5;0;28;13;25;9;25;0;3;2;0;7;113;2;2;1;0;62;56;81;8;0;28;0;8;103;6;2910;3230;3515;3226,73504273504;519,119337040152;8;91;10;1;116;10,2649572649573;8,31221905140275;0;117
2016;"MUNICIPIO";"355150";618;0;519;4;110;156;160;115;59;13;1;0;614;21;26;31;26,0275080906149;6,49878836263102;0;19;170;356;19;53;424;28;1;153;0;284;326;275;343;604;14;0;7;5;45;542;18;57;542;18;38;39;40;38,6191247974068;2,41998387598961;3;122;23;32;361;593;25;330;288;595;18;0;149;94;104;55;139;4;8;14;0;46;615;2;0;1;0;321;297;425;28;1;153;0;54;527;37;2905;3240;3560;3196,071197411;584,235932986605;45;496;61;11;606;9,57374392220421;3,73446884458832;7;598
2016;"MUNICIPIO";"355160";325;0;267;1;45;70;67;84;49;9;0;0;324;21;28;33;27,6246153846154;6,86514795253944;1;11;72;186;6;46;242;13;1;64;0;163;157;130;195;320;5;0;2;4;38;273;6;44;273;6;37;39;39;38,1331269349845;2,27276307457558;1;70;10;6;188;74;251;60;265;310;14;0;45;58;39;24;105;4;9;5;0;33;325;0;0;0;0;164;161;242;13;1;64;0;33;283;9;2860;3160;3430;3102,79692307692;546,360948268608;26;266;23;1;323;9,66666666666667;0,52196342825282;7;318
2016;"MUNICIPIO";"355170";1540;0;1375;7;170;373;413;365;179;30;3;0;1533;22;27;32;27,3116883116883;6,23340628171289;2;35;365;835;66;229;814;43;1;644;1;593;939;635;905;1498;42;1;13;18;180;1275;52;212;1275;52;38;39;40;38,3359324236517;2,4464781800943;6;266;80;83;1024;96;1444;596;944;1443;94;1;274;233;202;150;379;41;43;42;1;173;1534;3;2;1;0;805;734;814;43;1;644;1;161;1291;88;2890;3205;3516,25;3169,29480519481;587,821819373032;99;1213;167;8;1527;9,81693811074919;2,37099481939243;7;1498
2016;"MUNICIPIO";"355180";202;0;196;1;45;50;43;32;26;5;0;0;201;20;25;31;25,8811881188119;6,93076941980506;2;13;66;99;4;15;87;6;0;105;1;31;170;79;123;200;2;0;2;0;9;188;2;11;188;2;38;39;40;38,9402985074627;2,13223308070383;0;41;16;8;132;200;2;144;58;187;12;0;34;36;50;28;29;4;8;2;0;7;201;0;1;0;0;120;82;88;6;0;106;1;11;177;14;2990;3342,5;3607,5;3271,31683168317;585,325957251767;17;160;22;7;194;9,69651741293532;1,20931294996178;3;198
2016;"MUNICIPIO";"355190";189;0;187;1;45;58;41;31;11;2;0;0;188;20;24;29;24,7566137566138;5,96924931700236;0;3;49;116;5;16;121;11;0;57;0;37;152;78;111;187;2;0;4;4;19;160;2;27;160;2;38;38;39;37,7936507936508;2,75502672203164;1;19;6;12;150;188;1;38;151;184;5;0;12;53;18;28;48;2;1;2;0;25;187;1;0;1;0;98;91;121;11;0;57;0;19;165;5;2910;3160;3480;3100,04761904762;624,677468146344;11;160;16;5;184;9,48148148148148;1,20985577034107;2;186
2016;"MUNICIPIO";"355200";59;0;55;0;12;17;14;8;6;2;0;0;59;20,5;25;30,5;25,7457627118644;6,84708148332377;0;4;19;31;1;3;45;3;0;11;0;32;27;26;33;58;1;0;1;2;4;47;2;7;47;2;38;39;40;38,1964285714286;3,13583187662246;0;16;5;14;23;59;0;25;34;55;2;0;7;17;7;3;13;0;2;1;0;5;59;0;0;0;0;32;27;45;3;0;11;0;4;54;1;2960;3205;3452,5;3135,84745762712;599,846354280348;5;44;6;0;59;9,30508474576271;0,62295838373582;0;59
2016;"MUNICIPIO";"355210";422;0;402;1;50;76;116;100;65;13;1;0;421;23,25;28;33;28,1445497630332;6,51404155998879;0;21;103;202;15;80;360;9;0;52;1;195;226;173;249;403;19;0;0;5;49;347;17;54;347;17;38;39;40;38,377990430622;2,04639093430931;2;67;7;17;312;117;305;134;288;402;18;2;82;70;46;28;120;7;8;17;2;38;421;0;1;0;0;190;232;360;9;0;52;1;36;372;14;2885;3192,5;3463,75;3143,5308056872;525,315724767221;21;339;33;1;421;9,88151658767772;0,547236263626378;4;418
2016;"MUNICIPIO";"355220";8935;0;8515;36;995;1891;2328;2154;1257;263;11;0;8899;23;28;33;27,8228315612759;6,46810762151004;7;107;1257;5148;496;1886;6529;475;42;1719;3;1881;7000;3747;5188;8696;239;5;34;75;806;7966;22;920;7966;22;38;39;39;38,3425011225864;1,96808569358476;20;1008;281;370;7088;281;8654;4110;4825;8521;393;12;1035;2177;1059;1254;2123;148;165;235;12;697;8872;11;43;9;0;4529;4404;6529;475;42;1719;3;796;7784;355;2890;3190;3495;3157,23827644096;543,530763857184;528;7391;744;91;8842;9,45539012649726;5,34511459148701;81;8840
2016;"MUNICIPIO";"355230";90;0;74;0;16;34;19;15;5;1;0;0;90;20;23,5;29;24,7222222222222;5,98129627410328;0;0;10;60;4;13;47;4;0;38;0;17;69;37;53;88;2;0;0;1;6;81;2;7;81;2;38;38;39;38,3222222222222;1,74064289929652;0;16;0;4;69;20;70;10;80;88;2;0;7;25;5;8;36;1;1;2;0;5;90;0;0;0;0;46;44;47;4;0;38;0;5;84;1;2971,25;3187,5;3370;3141,9;470,656726216235;6;75;7;1;89;9,85555555555556;0,572027953884221;0;80
2016;"MUNICIPIO";"355240";3877;0;3641;12;472;914;998;921;462;94;4;0;3865;22;27;32;27,2919783337632;6,39759130785627;10;58;618;2422;167;570;2354;208;24;1247;2;1749;2104;1581;2296;3796;80;0;17;40;335;3470;15;392;3470;15;38;39;40;38,4281661078153;2,00780496291316;8;422;263;267;2767;1733;2144;1721;2156;3693;161;6;959;386;797;265;909;65;77;79;6;318;3849;20;6;2;0;1988;1888;2354;208;24;1247;2;342;3350;185;2885;3215;3505;3173,9074026309;551,271310453378;239;3205;345;30;3832;9,58052822371828;2,98821200076545;40;3815
2016;"MUNICIPIO";"355250";4458;0;4334;16;689;1080;1098;903;520;144;8;0;4442;22;27;32;26,923508299686;6,66932533735659;3;71;621;3021;213;521;2031;301;46;2050;2;2182;2264;1800;2658;4367;91;1;23;50;341;3991;48;415;3991;48;38;39;40;38,5065110013471;2,04986737374277;37;738;262;286;3080;2649;1809;2251;2207;4321;117;6;622;942;640;692;1008;33;64;89;6;351;4439;4;11;4;0;2262;2195;2031;301;46;2050;2;416;3846;196;2880;3190;3500;3152,77119784657;561,77826783985;320;3671;355;76;4374;9,5485393258427;6,2327670355326;48;4399
2016;"MUNICIPIO";"355255";37;0;13;0;10;8;7;8;1;3;0;0;37;19;26;31;25,972972972973;7,53320975741743;0;0;9;25;0;3;13;1;0;22;0;11;23;15;22;35;2;0;0;0;3;33;1;3;33;1;38;39;39;38,5675675675676;1,69214755957138;0;0;4;0;25;37;0;11;26;36;0;0;10;4;4;2;13;0;0;2;0;1;37;0;0;0;0;20;17;13;1;0;22;0;1;34;2;2965;3150;3445;3225,94594594595;412,603249431511;3;27;4;0;37;9,94594594594595;0,229243435135126;0;18
2016;"MUNICIPIO";"355260";112;0;106;2;12;22;36;28;10;1;1;0;110;23,75;27;32;27,3303571428571;6,16936399668168;0;4;25;63;4;14;87;3;0;22;0;23;88;51;61;104;8;0;0;1;15;95;1;16;95;1;37,75;38;39;38,0803571428571;1,83135057166696;0;9;3;4;95;104;8;17;95;107;5;0;4;36;3;14;34;2;2;8;0;9;112;0;0;0;0;59;53;87;3;0;22;0;10;98;4;2826,25;3142,5;3438,75;3096,58928571429;475,90644764617;9;89;6;1;111;9,61607142857143;0,674443857837342;3;107
2016;"MUNICIPIO";"355270";205;0;195;3;46;53;43;39;15;6;0;0;202;20;25;30;25,3365853658537;6,73583321256041;1;6;57;115;6;15;131;5;2;63;0;52;150;81;124;203;2;0;3;0;27;170;2;30;170;2;37;38;39;37,960396039604;2,50142563164109;0;31;7;11;149;73;132;57;148;197;5;0;15;50;18;20;63;2;3;2;0;28;205;0;0;0;0;103;102;131;5;2;63;0;16;181;8;2882;3225;3460;3164,33170731707;550,40111685106;11;164;25;4;198;9,51980198019802;1,00352808496299;2;203
2016;"MUNICIPIO";"355280";4329;0;4213;7;521;1004;1044;990;621;136;6;0;4322;22;28;33;27,7133287133287;6,60594102134973;2;77;733;2412;293;811;1817;252;13;2228;1;1506;2808;1724;2605;4214;115;2;21;34;361;3889;21;418;3889;21;38;39;40;38,46926987061;2,06010409047664;28;666;280;293;2988;1453;2876;2149;2180;4123;195;9;324;1163;376;902;954;64;94;115;9;325;4305;11;12;1;0;2125;2203;1817;252;13;2228;1;389;3736;204;2905;3220;3515;3179,86763686764;553,577811622102;252;3548;408;37;4278;9,43453070683662;0,824162086206149;77;4249
2016;"MUNICIPIO";"355290";81;0;67;0;12;15;26;16;10;2;0;0;81;21;27;31;26,9753086419753;6,44394155125955;0;0;16;48;1;14;48;3;0;28;0;22;58;28;53;81;0;0;0;0;12;68;1;12;68;1;37;38;40;38,1851851851852;1,96284940272497;0;11;3;1;55;81;0;11;69;78;2;0;10;15;8;4;30;0;2;0;0;11;81;0;0;0;0;39;42;48;3;0;28;0;8;70;3;2835;3095;3500;3130,04938271605;497,362667005541;4;67;9;0;80;9,75;0,490414446273684;0;81
2016;"MUNICIPIO";"355300";176;0;166;0;20;50;45;44;14;3;0;0;176;21;27;31,25;26,7159090909091;6,02840678054229;0;12;39;104;5;16;158;0;0;13;0;38;132;58;118;174;2;0;0;3;15;148;9;18;148;9;38;39;40;38,7371428571429;2,06490735010848;1;22;5;19;128;37;139;100;76;168;8;0;33;11;65;17;25;5;1;2;0;16;176;0;0;0;0;98;78;158;0;0;13;0;17;145;14;2958,75;3287,5;3660;3256,98863636364;598,148113417083;13;135;21;0;176;9,49431818181818;0,595191773089352;2;174
2016;"MUNICIPIO";"355310";54;0;50;0;9;15;15;9;6;0;0;0;54;21,25;26;30;26,0925925925926;6,24127623172527;0;3;15;31;1;4;39;3;0;12;0;22;31;24;30;54;0;0;0;1;3;48;1;4;48;1;38;38;39;38,3396226415094;1,65184507825475;0;12;5;6;29;54;0;10;44;54;0;0;11;9;8;4;17;0;0;0;0;4;53;0;0;1;0;23;31;39;3;0;12;0;7;45;2;2777,5;3092,5;3448,75;3106,01851851852;517,840563018385;5;45;3;1;53;9,83333333333333;0,966417230884748;1;53
2016;"MUNICIPIO";"355320";60;0;56;0;9;16;17;9;8;1;0;0;60;21;27;30,5;26,55;6,61130259736297;1;1;8;37;1;12;47;3;0;10;0;30;30;28;32;56;4;0;2;0;4;53;0;6;53;0;38;38;39;38;2,74175881129438;0;7;1;3;47;60;0;6;53;58;2;0;13;13;3;5;18;1;0;4;0;2;60;0;0;0;0;29;31;47;3;0;10;0;3;55;2;2840;3142,5;3378,75;3095,25;602,810103752783;6;44;5;2;58;9,58333333333333;1,13930794733911;0;59
2016;"MUNICIPIO";"355330";276;0;240;2;36;93;55;61;22;6;1;0;274;21;25;31;26,0615942028986;6,45317480668539;0;6;80;155;6;29;179;2;0;88;0;116;159;110;166;272;4;0;1;1;41;213;10;43;213;10;37;38;39;38,0902255639098;2,182118225241;2;30;7;15;199;36;240;28;248;273;2;1;55;38;31;17;79;0;1;4;1;40;276;0;0;0;0;127;149;179;2;0;88;0;22;248;6;2850;3140;3400;3117,1268115942;441,698015150188;16;216;22;0;275;9,85818181818182;0,465876032620701;2;273
2016;"MUNICIPIO";"355340";259;0;258;3;31;51;66;71;31;6;0;0;256;22;28;33;27,5096525096525;6,4057646847673;0;9;62;139;13;36;208;14;0;37;0;123;136;108;151;257;2;0;0;4;26;228;1;30;228;1;38;38;39;37,980694980695;1,81606042964489;1;33;12;17;196;226;33;27;232;242;16;0;26;66;10;27;89;6;8;2;0;24;257;1;0;1;0;126;133;208;14;0;37;0;24;231;4;2882,5;3180;3402,5;3098,10810810811;511,307826747932;15;233;9;1;258;9,66795366795367;0,627051719007402;2;257
2016;"MUNICIPIO";"355350";89;0;85;2;25;23;15;13;9;2;0;0;87;19;22;31;24,6292134831461;6,98924827286999;0;2;24;53;3;7;67;2;0;18;0;26;62;32;57;87;2;0;1;0;9;79;0;10;79;0;38;39;40;38,2808988764045;2,47711692775063;0;11;0;1;76;89;0;32;57;86;3;0;13;16;8;15;25;1;2;2;0;7;89;0;0;0;0;46;43;67;2;0;18;0;8;77;4;2955;3180;3440;3157,75280898876;566,671908460805;5;76;6;1;88;9,49438202247191;1,12939641467968;1;88
2016;"MUNICIPIO";"355360";144;0;120;0;15;40;48;27;14;0;0;0;144;22;26;31;26,4583333333333;5,79832987770008;0;4;29;93;3;14;104;4;0;31;0;45;96;62;82;137;7;0;0;2;17;123;0;19;123;0;37;38;39;37,7464788732394;1,81965868406711;0;29;2;4;101;71;73;10;133;129;4;0;7;35;8;14;43;4;0;7;0;13;143;0;0;1;0;70;74;104;4;0;31;0;14;130;0;2760;3065;3392,5;3045,52777777778;558,025151004029;14;110;11;1;143;9,52083333333333;0,793053318783527;0;144
2016;"MUNICIPIO";"355365";20;0;17;0;1;3;8;3;5;0;0;0;20;25,75;28;34,25;28,65;6,4340786769399;0;0;6;10;1;3;16;1;0;3;0;7;13;6;14;20;0;0;0;0;2;18;0;2;18;0;37,75;39;40;38,55;1,53811230854064;0;1;0;0;16;20;0;4;16;19;1;0;2;3;2;2;8;0;1;0;0;2;20;0;0;0;0;12;8;16;1;0;3;0;1;17;2;2770;3067,5;3347,5;3090;500,615410743301;3;15;2;0;20;10;0;0;20
2016;"MUNICIPIO";"355370";645;0;494;7;106;166;156;118;77;15;0;0;638;21;26;31;26,3488372093023;6,72421595188297;0;31;143;359;27;84;434;25;2;179;0;355;287;275;370;635;10;0;3;7;61;537;36;71;537;36;37;38;39;38,3136645962733;2,2752436512845;1;60;11;22;485;114;531;144;501;541;16;0;46;152;50;69;160;9;6;10;0;54;643;1;1;0;0;331;314;434;25;2;179;0;54;570;21;2895;3200;3485;3164,78914728682;519,495998173288;36;511;69;5;639;9,83385093167702;0,607396158062934;2;643
2016;"MUNICIPIO";"355380";312;0;308;1;55;85;79;55;30;7;0;0;311;21;25;30,25;25,9903846153846;6,47998927042653;1;5;59;199;10;38;270;5;0;37;0;101;211;131;181;310;2;0;0;3;27;275;7;30;275;7;38;39;40;38,4262820512821;1,84469735157426;0;50;4;11;243;61;251;124;188;303;8;1;35;76;57;30;73;2;6;2;1;30;312;0;0;0;0;170;142;270;5;0;37;0;25;274;13;2933,75;3235;3516,25;3191,71153846154;521,643895604482;20;256;33;3;309;8,98076923076923;0,684895878641971;4;308
2016;"MUNICIPIO";"355385";83;0;83;1;16;35;18;8;3;2;0;0;82;20;23;28;24,1927710843373;5,95400629894982;0;5;26;50;1;1;61;2;0;20;0;12;71;31;52;79;4;0;1;0;9;73;0;10;73;0;37;38;39;38,0481927710843;2,3524953770351;0;9;2;2;70;83;0;35;48;74;9;0;4;21;5;16;21;4;2;4;0;6;83;0;0;0;0;49;34;61;2;0;20;0;8;74;1;2895;3150;3420;3118,49397590361;511,41287729273;5;71;3;3;80;9,03614457831325;0,993218261726779;2;81
2016;"MUNICIPIO";"355390";96;0;81;0;15;25;23;17;13;3;0;0;96;21;26;32;26,78125;6,59537816640522;0;0;18;64;3;10;58;1;0;37;0;27;69;33;63;94;2;0;0;4;8;82;2;12;82;2;38;39;40;38,3645833333333;2,44570425404332;0;12;4;4;62;96;0;30;66;91;5;0;21;6;17;3;31;1;3;2;0;12;95;1;0;0;0;47;49;58;1;0;37;0;13;77;6;2995;3207,5;3535;3208,5625;591,319484622938;3;78;13;1;95;9,58333333333333;0,735085625755927;0;96
2016;"MUNICIPIO";"355395";208;0;204;2;31;50;51;50;20;4;0;0;206;21,75;26,5;32;26,5913461538462;6,36501018859002;1;1;39;125;10;31;154;7;0;46;0;31;176;73;135;201;6;0;0;6;18;183;0;24;183;0;37;39;39;38,1690821256039;2,09609220967854;0;33;4;19;149;207;1;60;148;197;10;0;20;40;23;29;62;4;3;6;0;20;206;1;1;0;0;118;90;155;7;0;46;0;22;175;11;2900;3202,5;3500;3163,02403846154;588,264387633252;9;176;16;1;206;9,7536231884058;0,831523291037213;1;206
2016;"MUNICIPIO";"355400";1623;0;1599;9;262;407;388;332;179;43;3;0;1614;21;26;32;26,6179913739988;6,70476368976272;4;60;381;943;57;176;1380;25;0;210;0;659;963;680;943;1591;32;1;8;12;219;1310;72;240;1310;72;38;39;40;38,3199753390875;2,29164897555278;6;178;47;77;1306;75;1548;583;1040;1566;57;0;225;325;250;125;411;22;26;32;0;206;1622;0;1;0;0;841;781;1380;25;0;210;0;133;1389;101;2920;3225;3522,5;3195,23536660505;544,721068051358;112;1245;199;15;1607;9,64488286066585;0,772544178782012;6;1614
2016;"MUNICIPIO";"355410";3951;0;3783;12;498;822;1024;941;545;98;10;1;3938;23;28;33;27,6869147051379;6,5460339425701;5;71;668;2148;223;832;2917;134;3;886;1;1400;2513;1587;2364;3837;113;2;26;25;339;3528;29;392;3528;29;38;39;39;38,2972904532793;2,05847772616097;3;529;216;256;2841;754;3197;1461;2490;3788;111;46;537;848;493;408;1118;42;41;110;46;302;3923;6;18;4;0;2000;1951;2917;134;3;886;1;336;3468;147;2885;3190;3500;3154,04960769425;551,22297454391;281;3221;327;40;3906;9,21338063862139;2,96657909195363;31;3897
2016;"MUNICIPIO";"355420";66;0;66;1;19;17;9;9;9;2;0;0;65;18,25;23;31;25,3030303030303;7,64997676611795;0;8;24;30;1;3;56;3;0;7;0;28;38;27;39;64;2;0;0;1;7;56;2;8;56;2;38;39;40;38,469696969697;2,19243241783183;0;17;3;3;43;66;0;26;40;59;7;0;14;8;15;4;13;2;3;2;0;5;66;0;0;0;0;36;30;56;3;0;7;0;7;55;4;2932,5;3225;3515;3163,80303030303;585,803805951787;1;56;7;0;66;9,89393939393939;0,356426187365108;0;66
2016;"MUNICIPIO";"355430";332;0;307;1;52;79;87;74;36;2;0;1;330;21,75;27;31;26,5481927710843;6,4255506107686;1;4;62;205;16;44;166;11;0;149;0;78;251;122;210;318;14;0;2;3;40;283;3;45;283;3;38;38;39;38,1873111782477;2,04967603275208;1;40;17;11;246;261;71;86;246;317;14;1;53;50;47;32;93;4;6;14;1;31;331;0;0;1;0;167;165;166;11;0;149;0;33;290;9;2873,75;3192,5;3466,25;3142,69277108434;561,26878456551;18;274;25;5;326;9,47129909365559;0,951039847792975;3;328
2016;"MUNICIPIO";"355440";107;0;52;0;17;36;26;19;8;1;0;0;107;21;25;30;25,3364485981308;5,7346084816987;1;1;10;35;2;9;80;2;1;24;0;27;72;54;53;105;2;0;0;1;6;97;3;7;97;3;38;38;39;38,3644859813084;1,6217421529487;0;24;6;10;65;54;53;14;93;106;1;0;9;43;5;5;37;0;1;2;0;5;107;0;0;0;0;46;61;80;2;1;24;0;6;97;4;2972,5;3245;3530;3228,1308411215;523,992980006847;6;85;13;0;54;9,77777777777778;0,462424564645328;1;103
2016;"MUNICIPIO";"355450";462;0;440;1;51;123;112;105;61;9;0;0;461;22;27;32;27,1688311688312;6,27649804414176;0;7;103;274;15;59;317;16;0;120;0;238;219;205;257;457;5;0;4;7;37;409;2;48;409;2;37;38;39;38,037037037037;2,1044610395976;1;40;16;14;380;80;382;147;315;441;19;0;59;109;53;58;114;9;9;5;0;42;460;0;2;0;0;246;216;317;16;0;120;0;33;409;20;2876,25;3200;3470;3149,28787878788;559,712078741562;21;397;36;8;451;9,75816993464052;0,922968514823831;3;459
2016;"MUNICIPIO";"355460";24;0;23;0;9;5;3;5;1;1;0;0;24;18,75;23;30,25;24,5833333333333;7,09510956294157;0;1;4;17;2;0;19;0;0;5;0;9;15;12;12;22;2;0;0;0;7;17;0;7;17;0;35,75;38;39;37,4166666666667;2,32035729382664;0;3;0;0;21;23;1;9;15;23;1;0;8;0;4;1;4;0;1;2;0;4;23;0;1;0;0;9;15;19;0;0;5;0;5;17;2;2808,75;3122,5;3395;3052,70833333333;579,909998951611;2;17;3;0;23;9,43478260869565;0,66237087637185;0;24
2016;"MUNICIPIO";"355465";28;0;28;0;6;8;5;7;2;0;0;0;28;20;24,5;30,25;25,6785714285714;6,04338371878592;0;0;7;17;1;3;21;2;0;5;0;4;24;4;24;28;0;0;0;0;1;23;4;1;23;4;38;39,5;41;39,5357142857143;2,06347680092036;1;2;2;3;20;28;0;14;14;26;2;0;2;1;11;2;9;0;2;0;0;1;27;0;0;1;0;13;15;21;2;0;5;0;2;23;3;3033,75;3417,5;3536,25;3316,78571428571;495,592078161574;3;17;5;0;28;12,6428571428571;16,940449698247;1;27
2016;"MUNICIPIO";"355470";85;0;71;0;9;20;18;24;11;3;0;0;85;22;28;33;27,8470588235294;6,59094957092668;0;3;25;44;0;12;58;4;0;14;0;27;57;36;49;85;0;0;0;1;9;72;0;10;72;0;38;38;39;38,0975609756098;1,86990298881896;0;8;4;2;69;84;1;33;52;78;1;1;12;17;12;6;22;0;1;0;1;8;85;0;0;0;0;44;41;59;4;0;14;0;8;75;2;2840;3145;3360;3074,76470588235;495,329319194596;6;73;3;2;83;9,77647058823529;0,746044658886599;1;83
2016;"MUNICIPIO";"355475";11;0;9;0;1;5;2;2;0;1;0;0;11;22;24;28,5;26,3636363636364;7,20101003016559;0;0;2;6;0;2;5;1;0;4;0;1;9;3;8;11;0;0;0;0;1;9;0;1;9;0;38,25;39;39,75;38,8;1,61932770686548;0;1;0;0;8;11;0;4;6;10;0;0;1;1;4;0;3;0;0;0;0;1;11;0;0;0;0;7;4;5;1;0;4;0;0;9;2;3105;3160;3427,5;3892,63636363636;2063,83876660592;0;9;1;0;10;9,9;0,316227766016838;0;10
2016;"MUNICIPIO";"355480";582;0;532;5;90;133;139;125;76;11;3;0;577;21;27;32;26,9003436426117;6,7678774452604;2;11;133;302;21;113;399;27;2;153;0;245;331;247;335;558;24;0;2;4;68;503;1;74;503;1;38;39;39,75;38,2785467128028;2,04886322594051;0;98;25;36;393;581;1;219;362;558;14;8;71;135;58;76;144;2;9;24;8;51;577;3;1;1;0;283;299;399;27;2;153;0;64;501;17;2870;3180;3477,5;3122,47250859107;552,200509649692;37;478;41;8;572;9,16896551724138;3,81874328931518;7;565
2016;"MUNICIPIO";"355490";69;0;67;0;8;12;24;15;8;2;0;0;69;23;27;31;27,4057971014493;6,05202649721006;0;2;11;37;3;16;61;1;0;6;0;4;65;21;48;69;0;0;0;0;9;60;0;9;60;0;37;38;39;37,9710144927536;1,40347273588592;0;15;4;4;45;69;0;18;51;65;4;0;5;12;3;17;19;1;3;0;0;9;69;0;0;0;0;35;34;61;1;0;6;0;2;64;3;2975;3235;3465;3225,72463768116;402,308517991807;2;56;11;1;68;9,68115942028986;1,15672908037617;0;69
2016;"MUNICIPIO";"355495";90;0;89;0;21;27;20;11;9;2;0;0;90;20;24;29;25,3444444444444;6,67068231119418;0;4;23;55;4;4;66;4;1;19;0;59;31;41;49;85;5;0;0;1;10;73;6;11;73;6;38;39;40;38,3444444444444;2,37099093260537;0;16;4;6;64;90;0;30;60;86;3;0;25;11;13;4;21;0;1;5;0;9;90;0;0;0;0;54;36;66;4;1;19;0;10;77;3;2916,25;3212,5;3402,5;3131,34444444444;495,983036161319;7;68;8;0;90;9,92222222222222;0,308230826163207;2;88
2016;"MUNICIPIO";"355500";742;0;737;6;116;174;178;159;96;13;0;0;736;22;27;32;26,8140161725067;6,58796332500932;0;7;144;412;29;149;440;23;4;274;1;364;377;324;418;732;10;0;1;6;44;687;4;51;687;4;38;39;39;38,3584905660377;1,73424720644298;3;94;20;51;572;77;665;292;450;718;23;1;121;166;97;104;182;8;11;10;1;42;740;2;0;0;0;377;365;440;23;4;274;1;62;646;34;2921,25;3220;3510;3198,55929919137;519,651220739163;44;623;64;6;736;9,74528301886792;0,781757674405969;9;732
2016;"MUNICIPIO";"355510";165;0;153;0;14;40;48;35;22;6;0;0;165;22;27;33;27,7636363636364;6,3590639258702;1;5;36;84;11;28;123;7;0;33;1;47;117;65;100;163;2;0;2;3;12;143;4;17;143;4;38;39;39;38,2012195121951;2,42729842515714;0;31;6;13;107;78;87;28;137;161;3;0;40;17;10;9;68;1;2;2;0;14;165;0;0;0;0;83;82;123;7;0;33;1;12;145;8;2860;3170;3494;3153,58787878788;590,768556760647;15;124;23;3;162;9,69090909090909;0,753998947225294;1;163
2016;"MUNICIPIO";"355520";22;0;19;0;0;10;5;6;1;0;0;0;22;22;25,5;31,5;26,5454545454545;5,09647191437626;0;0;3;11;1;5;16;1;0;3;0;8;12;10;12;22;0;0;0;2;3;15;0;5;15;0;36,75;39;40;37,6;3,13553487420702;0;3;0;5;11;22;0;7;14;19;1;0;0;5;3;2;4;0;1;0;0;4;22;0;0;0;0;13;9;16;1;0;3;0;3;17;2;2762,5;3265;3422,5;3326,31818181818;1619,283538993;2;17;1;0;20;9,55;0,68633274115326;2;19
2016;"MUNICIPIO";"355530";14;0;12;1;0;2;5;4;2;0;0;0;13;25;27;31;27,6428571428571;5,83895595063078;0;0;3;4;1;4;10;0;0;2;0;3;11;2;12;14;0;0;0;1;1;10;0;2;10;0;38;38;38,25;37,25;3,01887998496733;0;1;2;0;9;14;0;1;13;12;0;0;1;0;1;2;6;0;0;0;0;2;14;0;0;0;0;13;1;12;0;0;2;0;1;12;1;3052,5;3352,5;3518,75;3228,57142857143;832,591109755537;1;9;2;1;13;9,57142857142857;1,08940955880384;0;14
2016;"MUNICIPIO";"355535";76;0;71;1;18;22;17;11;6;1;0;0;75;19,75;24;29;24,8289473684211;6,37157888940093;0;4;13;47;2;9;50;2;0;21;0;36;37;34;42;76;0;0;0;3;6;65;2;9;65;2;37;38;39;37,8552631578947;2,46956917899146;0;8;5;10;53;76;0;15;61;72;4;0;15;13;4;6;26;2;2;0;0;8;76;0;0;0;0;35;41;50;2;0;21;0;10;64;2;2717;3157;3362;3027,90789473684;581,908519216588;8;63;5;1;75;9,6578947368421;0,740317617944215;2;74
2016;"MUNICIPIO";"355540";1233;0;920;5;181;300;336;243;128;40;0;0;1228;21;26;31;26,7599351175994;6,5315754545029;2;29;199;828;50;110;623;65;5;518;7;449;770;496;737;1191;42;1;2;15;128;898;39;146;898;39;38;39;40;38,4265927977839;2,25354806046717;0;149;103;86;786;242;991;529;704;1144;40;3;196;155;207;138;173;15;19;42;3;106;1218;1;14;0;0;657;576;623;65;5;518;7;114;1051;68;2870;3180;3520;3160,67721005677;561,456428449043;82;841;107;19;1210;9,6899918633035;0,883658601703004;11;1217
2016;"MUNICIPIO";"355550";82;0;78;0;16;25;20;17;3;0;1;0;82;22;24,5;29,75;25,3170731707317;5,91060576114798;0;2;25;50;1;3;47;3;0;31;0;23;58;25;57;78;4;0;2;1;8;71;0;11;71;0;38;38;39,75;37,8658536585366;3,0133947679822;2;29;10;4;34;80;2;39;43;78;1;1;4;17;12;14;20;0;1;4;1;7;80;0;1;1;0;37;45;47;3;0;31;0;8;68;6;2877,75;3220;3495,75;3121,03658536585;685,861204062148;5;64;9;4;76;8,9625;1,59464094605508;0;82
2016;"MUNICIPIO";"355560";95;0;94;0;12;21;25;24;11;2;0;0;95;22;27;32;27,2315789473684;6,42212371512088;0;6;20;48;10;11;70;5;0;19;0;55;40;41;54;93;2;0;0;2;12;81;0;14;81;0;37;38;39;37,8526315789474;1,9239167775861;0;15;2;1;77;95;0;18;77;88;7;0;6;27;7;15;22;2;3;2;0;11;95;0;0;0;0;46;49;70;5;0;19;0;12;81;2;2807;3110;3381;3075,16842105263;540,200172761668;5;80;8;1;94;9,56842105263158;1,13599362804389;4;91
2016;"MUNICIPIO";"355570";23;0;22;1;3;8;3;5;3;0;0;0;22;21;24;33;26,0434782608696;7,34524126016025;0;1;5;16;0;1;13;2;0;8;0;8;15;6;17;23;0;0;0;1;4;18;0;5;18;0;37;38;39;37,695652173913;2,22454862855153;0;4;3;0;16;23;0;4;18;20;3;0;1;3;4;0;8;0;3;0;0;4;23;0;0;0;0;6;17;13;2;0;8;0;4;18;1;2630;2946;3240;2908,52173913043;529,779702892474;1;21;1;0;23;9,73913043478261;0,540823555863717;0;23
2016;"MUNICIPIO";"355580";91;0;78;0;8;20;29;23;10;1;0;0;91;23;28;31,5;27,5934065934066;5,79075512630649;1;2;18;48;0;22;77;0;0;14;0;10;79;26;65;89;2;0;0;0;15;72;4;15;72;4;37,5;39;39;38,3076923076923;2,02590066495707;0;8;4;3;64;91;0;15;76;88;3;0;4;16;10;9;36;0;3;2;0;11;91;0;0;0;0;43;48;77;0;0;14;0;11;76;4;2870;3230;3465;3151,17582417582;539,250953605639;6;75;6;1;90;9,74725274725275;0,926083828619881;1;88
2016;"MUNICIPIO";"355590";15;0;7;0;2;5;5;2;1;0;0;0;15;22;25;27,5;25,2;5,2399563793168;0;0;4;10;0;1;13;0;0;2;0;4;11;8;7;15;0;0;0;0;3;12;0;3;12;0;37;38;39;37,8666666666667;1,68466472572297;0;5;0;1;9;15;0;1;14;9;0;0;0;3;1;0;2;0;0;0;0;3;15;0;0;0;0;9;6;13;0;0;2;0;3;10;2;2825;3300;3605;3233,33333333333;732,472980161498;1;11;3;2;13;8,6;2,47270817410501;3;10
2016;"MUNICIPIO";"355600";120;0;113;0;14;34;38;18;10;5;1;0;120;22;26;30,25;26,7833333333333;6,35792806657325;1;8;31;60;5;14;97;1;0;20;0;28;89;47;73;112;8;1;0;0;17;102;0;18;102;0;37;38;39;38,0583333333333;2,43329783942495;1;12;8;4;94;120;0;33;87;115;5;0;11;27;6;11;40;3;0;8;0;14;120;0;0;0;0;59;61;97;1;0;20;0;10;100;10;2838,75;3180;3470;3188,41666666667;592,528474418908;1;98;12;2;118;9,475;1,13731587299131;3;117
2016;"MUNICIPIO";"355610";158;0;151;1;20;32;54;37;12;2;0;0;157;23;27;31;26,8544303797468;5,70040332617872;0;4;31;78;8;36;112;2;0;43;1;71;87;75;83;152;6;0;1;1;19;136;1;21;136;1;38;38;39;38,1518987341772;2,11508749179796;0;19;8;4;123;157;1;25;133;152;6;0;30;33;17;7;41;3;2;6;0;19;157;1;0;0;0;85;73;112;2;0;43;1;14;136;8;2886,25;3237,5;3500;3187,29746835443;523,68868699378;10;125;16;2;156;9,66455696202532;0,907230400680761;0;156
2016;"MUNICIPIO";"355620";1379;0;1228;4;94;262;344;375;244;55;1;0;1375;24;29;34;29,037708484409;6,35900097805502;6;32;217;604;79;420;1016;27;7;297;0;511;838;611;768;1339;37;0;8;25;163;1132;43;196;1132;43;37;38;39;38,0860685630926;2,35124503585937;6;194;27;46;1038;444;935;266;1112;1284;50;3;368;114;149;48;408;21;26;37;3;158;1367;2;9;1;0;749;629;1017;27;7;297;0;114;1221;44;2865;3175;3480;3138,65192168238;544,377681555657;87;1093;125;14;1353;9,76225310899781;3,51150923620838;11;1363
2016;"MUNICIPIO";"355630";337;0;277;3;57;95;80;58;34;9;1;0;334;21;25;31;26,0979228486647;6,61342622147455;3;10;87;190;7;33;104;15;1;210;0;133;199;117;220;326;11;0;2;8;43;279;2;53;279;2;37;38;39;37,8323353293413;2,30198424555776;0;50;13;11;254;164;173;103;234;314;7;1;39;54;56;12;98;1;5;11;1;42;330;2;3;2;0;190;147;104;15;1;210;0;29;291;17;2850;3170;3460;3133,53412462908;561,934583173671;9;283;31;2;330;9,0933734939759;0,607370195963594;1;296
2016;"MUNICIPIO";"355635";137;0;126;0;25;36;31;27;14;4;0;0;137;21;26;32;26,4744525547445;6,84285833376968;0;7;33;77;7;13;98;7;0;31;0;69;67;60;77;135;2;0;1;0;12;120;2;13;120;2;38;39;40;38,6148148148148;2,04423172878539;0;35;8;6;83;136;1;36;101;129;6;0;25;25;20;10;35;2;4;2;0;10;136;0;1;0;0;64;73;98;7;0;31;0;17;114;6;2875;3210;3430;3137,54744525547;576,919978277176;14;108;10;1;136;9,78832116788321;0,599395000547201;1;136
2016;"MUNICIPIO";"355640";536;0;512;1;84;136;145;109;52;8;1;0;535;21;26;31;26,3712686567164;6,26235116596151;0;36;165;261;16;54;436;22;0;67;0;209;321;198;338;520;16;0;3;3;57;458;15;63;458;15;38;39;40;38,5018656716418;2,07522012539346;1;71;14;26;414;45;491;207;329;492;39;0;36;132;50;88;128;16;19;16;0;47;536;0;0;0;0;266;270;436;22;0;67;0;40;471;25;2910;3192,5;3502,5;3189,33208955224;498,968657618986;34;425;56;0;530;9,86792452830189;0,385842845323824;2;531
2016;"MUNICIPIO";"355645";755;0;696;4;105;165;171;170;111;28;0;1;750;22;27;33;27,5483443708609;6,87333152461739;0;14;134;433;39;135;374;44;5;308;3;225;526;261;494;745;10;0;3;8;72;665;6;83;665;6;38;39;40;38,4151193633952;2,05471880675768;1;150;38;45;486;754;1;404;351;731;23;1;108;110;165;82;185;7;14;9;1;73;751;2;1;1;0;379;376;374;44;5;308;3;59;670;26;2930;3225;3560;3187,65960264901;544,574780602515;42;627;73;6;747;9,34395750332005;0,776923664957088;6;749
2016;"MUNICIPIO";"355650";1489;0;1446;9;190;361;379;351;161;37;0;1;1479;22;27;32;27,1343183344527;6,42612780011678;1;17;245;990;58;176;896;90;1;497;0;708;769;580;909;1457;32;0;1;17;121;1337;12;139;1337;12;38;39;40;38,4475806451613;1,84502298411655;3;226;72;83;1077;1481;8;770;719;1458;25;4;220;295;288;205;309;9;12;31;4;113;1480;0;6;3;0;778;711;896;90;1;497;0;124;1291;74;2885;3185;3515;3175,10476830087;540,475453805965;101;1195;159;19;1464;9,4571813890762;3,40892998696214;20;1468
2016;"MUNICIPIO";"355660";135;0;125;1;25;33;26;27;22;1;0;0;134;21;26;32;26,5555555555556;6,80612834764208;0;3;21;88;6;16;79;7;0;47;0;37;97;54;81;126;9;0;4;1;20;109;0;25;109;0;37;38;39;37,5373134328358;3,13279215924888;0;30;11;13;74;135;0;44;91;119;14;1;7;30;11;18;32;6;4;9;1;15;135;0;0;0;0;71;64;79;7;0;47;0;27;101;7;2729;3070;3395;2995,74814814815;739,827084663551;10;102;13;6;128;8,8955223880597;1,49318580906639;0;134
2016;"MUNICIPIO";"355670";924;0;804;4;73;179;217;258;160;33;0;0;920;24;29;34;28,8409090909091;6,389117036605;0;16;107;489;52;253;599;28;11;279;1;315;596;402;522;887;37;0;4;13;130;755;21;147;755;21;37;39;39;38,1419284940412;2,20343041742321;2;106;20;24;723;593;331;227;697;808;43;0;171;126;95;41;245;16;21;37;0;104;920;0;2;2;0;451;473;599;28;11;279;1;89;806;29;2823,75;3150;3456,25;3120,28787878788;530,855224283129;51;754;74;5;918;9,72806067172264;4,21272002503491;4;916
2016;"MUNICIPIO";"355680";229;0;215;1;31;53;65;56;19;4;0;0;228;22;26;31;26,6943231441048;5,94293130906312;0;6;49;132;7;35;179;3;1;44;0;84;145;93;136;227;2;0;1;1;12;210;5;14;210;5;38;39;39;38,4541484716157;1,71265741875013;1;39;13;19;146;170;59;36;193;220;8;0;16;61;19;16;94;6;2;2;0;12;228;0;1;0;0;126;103;179;3;1;44;0;23;197;9;2950;3230;3500;3194,56768558952;523,261617338086;21;184;22;2;226;9,76315789473684;0,858260011935298;2;227
2016;"MUNICIPIO";"355690";82;0;73;1;17;24;15;18;6;1;0;0;81;20;24;30,75;25,1463414634146;6,61670529183523;0;3;27;40;1;11;48;5;0;28;0;42;40;34;48;80;2;0;0;3;6;70;2;9;70;2;37;38;40;38,1975308641975;2,5466632732186;0;24;8;2;42;82;0;18;64;80;1;0;10;16;12;6;26;0;1;2;0;7;82;0;0;0;0;41;41;48;5;0;28;0;11;68;3;2940;3245;3600;3157,37804878049;638,391219505582;6;67;5;1;81;9,64634146341463;0,759661250358735;0;82
2016;"MUNICIPIO";"355695";22;0;20;0;2;8;5;5;2;0;0;0;22;23;26;31,5;26,8636363636364;5,87403855999678;0;0;6;12;1;2;17;0;0;4;0;7;15;3;19;20;2;0;1;0;7;13;0;8;13;0;35;38;40;37,0476190476191;3,24770981579621;0;2;1;1;17;22;0;3;19;21;0;0;2;0;2;2;7;0;0;2;0;6;22;0;0;0;0;9;13;18;0;0;4;0;6;15;1;2438,25;2845;3384,25;2853,18181818182;669,105845165495;0;18;1;0;22;9,59090909090909;0,796366206088088;0;21
2016;"MUNICIPIO";"355700";1663;0;1608;7;201;371;465;369;202;46;2;0;1656;22;27;32;27,377630787733;6,39206637593309;1;21;228;1019;106;284;1366;51;8;227;1;445;1216;647;1016;1625;38;0;5;13;127;1508;3;145;1508;3;38;39;39;38,4178743961353;1,76827205290824;3;206;40;55;1326;788;875;627;1036;1579;70;12;224;324;265;183;444;29;29;32;12;115;1654;3;6;0;0;822;841;1367;51;8;227;1;151;1434;78;2900;3205;3490;3166,13409500902;530,034512361329;116;1358;145;15;1645;9,56807228915663;3,22805175955126;12;1647
2016;"MUNICIPIO";"355710";1025;0;1006;6;104;229;277;230;147;32;0;0;1019;23;28;33;27,7609756097561;6,43798837834895;1;13;135;579;54;241;745;35;5;239;0;437;588;461;564;987;38;0;8;19;116;868;14;143;868;14;37;38;39;37,9619512195122;2,31914503406415;2;112;14;16;866;53;972;116;909;988;35;2;197;180;62;51;355;18;11;37;2;112;1023;0;2;0;0;522;503;745;35;5;239;0;109;876;40;2850;3175;3475;3118,95414634146;593,408543959241;64;821;101;7;1018;9,66731707317073;0,699857073823283;5;1019
2016;"MUNICIPIO";"355715";28;0;25;0;5;6;2;11;3;1;0;0;28;21,75;30;33,25;27,7857142857143;7,59316038656399;0;0;4;16;2;6;21;0;1;3;0;12;16;13;15;25;3;0;0;0;6;20;2;6;20;2;37;38;39;38;2,14303350244288;0;5;1;1;21;28;0;6;22;26;1;0;4;8;1;1;7;0;1;3;0;2;28;0;0;0;0;17;11;21;0;1;3;0;4;24;0;2750;3075;3440;2994,25;495,670710960113;3;22;0;0;28;9,96428571428571;0,188982236504614;0;28
2016;"MUNICIPIO";"355720";160;0;160;0;30;47;41;21;17;4;0;0;160;20;25;30;25,7;6,51828584172752;0;3;44;90;3;20;102;13;0;45;0;39;121;65;95;158;2;0;0;0;27;127;6;27;127;6;37;38;39;38,24375;1,98658037147432;0;20;9;4;127;29;131;28;132;154;5;1;45;8;16;5;56;1;4;2;1;22;159;1;0;0;0;83;77;102;13;0;45;0;14;142;4;2780;3037,5;3361,25;3077,7875;484,062218407209;19;124;13;1;159;9,10625;0,556232553962864;4;156
2016;"MUNICIPIO";"355730";137;0;43;0;19;27;35;39;13;4;0;0;137;23;28;31;27,4233576642336;6,18313958388315;0;4;20;85;2;21;88;1;0;13;0;61;72;66;71;133;3;0;0;0;20;114;3;20;114;3;37;39;40;38,4452554744526;1,73170991673649;1;19;5;7;56;137;0;39;98;114;4;0;36;13;16;6;28;2;1;3;0;15;136;0;0;1;0;74;63;88;1;0;13;0;11;116;10;2880;3255;3540;3238,56204379562;512,129361836066;7;110;16;2;133;9,75555555555556;0,663174935461885;2;120
